 Table 4. Sale prices statistics by NSW Postcode,,,,,,,,,,
Reporting period: July - September 2023,,,,,,,,,,
(s): 30 or fewer properties sold; (-): 10 or fewer properties sold,,,,,,,,,,
Read explanatory notes,,,,,,,,,,
,,,,,,,,,,
,,,,,,,,,,
Postcode,Dwelling Type,"First Quartile Sales Price
$'000s","Median Sales Price
$'000s","Third Quartile Sales Price
'000s","Mean Sales Price
$'000s","Sales
No.",Qtly change in Median,Annual change in Median,Qtly change in Count,Annual change in Count
2000,Total,840,1155,1513,1416,204,-11.15%,3.13%,10.27%,4.62%
2000,Strata,840,1155,1513,1416,204,-11.15%,3.13%,10.27%,4.62%
2007,Total,636,870,1175,848,46,7.41%,12.99%,-6.12%,6.98%
2007,Strata,636,870,1175,848,46,7.74%,18.21%,-4.17%,12.20%
2008,Total,695,928,1400,1136,49,10.48%,-35.56%,16.67%,-28.99%
2008,Non Strata,-,-,-,-,-,-,-,-,-
2008,Strata,650,855,1230,955,41,6.21%,-32.68%,13.89%,-21.15%
2009,Total,735,865,1360,1143,67,-30.80%,-23.96%,3.08%,67.50%
2009,Strata,735,865,1360,1143,67,-30.80%,-23.96%,11.67%,67.50%
2010,Total,800,1050,1660,1314,178,-4.55%,-20.81%,-7.77%,4.09%
2010,Non Strata,1750,1999,2683,2295,40,-8.09%,5.91%,25.00%,5.26%
2010,Strata,759,933,1246,1029,138,-8.13%,-17.11%,-14.29%,3.76%
2011,Total,688,950,1458,1176,153,-9.52%,5.09%,-13.07%,29.66%
2011,Non Strata,-,-,-,-,-,-,-,-,-
2011,Strata,679,940,1431,1160,150,-7.21%,4.44%,-11.76%,31.58%
2015,Total,733,973,1144,1129,94,-2.75%,2.37%,4.44%,25.33%
2015,Non Strata,1795,2100,2370,2169,s,-2.78%,35.70%,6.25%,41.67%
2015,Strata,693,875,1027,899,77,-10.37%,2.94%,4.05%,22.22%
2016,Total,932,1381,1780,1447,52,5.38%,15.04%,-5.45%,-7.14%
2016,Non Strata,1695,1945,2250,2116,s,22.52%,36.01%,-22.73%,-15.00%
2016,Strata,848,1070,1386,1122,35,8.08%,17.97%,6.06%,-2.78%
2017,Total,830,980,1180,1047,189,4.26%,3.27%,-9.57%,15.95%
2017,Non Strata,-,-,-,-,-,-,-,-,-
2017,Strata,829,974,1113,1001,180,5.84%,3.59%,-11.76%,13.21%
2018,Total,720,888,1454,1174,94,1.14%,10.25%,-19.66%,18.99%
2018,Non Strata,1827,2095,2745,2336,s,10.26%,12.94%,-33.33%,80.00%
2018,Strata,684,834,993,899,76,15.00%,8.28%,-15.56%,10.14%
2019,Total,734,935,1415,1122,67,-13.02%,-7.43%,-1.47%,-2.90%
2019,Non Strata,1733,1960,2200,1939,s,-11.91%,-1.26%,0.00%,-38.89%
2019,Strata,718,878,1139,961,56,-8.12%,-0.28%,-1.75%,9.80%
2020,Total,722,891,1150,991,122,-1.63%,1.85%,32.61%,64.86%
2020,Non Strata,1703,1893,2015,1854,s,10.35%,-0.39%,12.50%,-5.26%
2020,Strata,700,846,1033,842,104,-4.94%,3.17%,36.84%,89.09%
2021,Total,950,2263,3416,2530,92,5.23%,-5.73%,-1.08%,15.00%
2021,Non Strata,2531,3178,4296,3575,54,-10.11%,13.48%,5.88%,1.89%
2021,Strata,750,868,1366,1044,38,-11.25%,6.44%,-9.52%,40.74%
2022,Total,1060,1580,2500,1904,85,18.80%,-3.05%,49.12%,21.43%
2022,Non Strata,2650,3200,3764,3259,s,7.29%,8.29%,50.00%,14.29%
2022,Strata,920,1350,1735,1370,61,17.39%,-6.90%,48.78%,24.49%
2023,Total,1221,1669,3213,3119,42,-21.62%,-24.12%,-27.59%,-6.67%
2023,Non Strata,-,-,-,-,-,-,-,-,-
2023,Strata,1195,1409,2125,1864,36,-9.42%,-12.13%,-10.00%,20.00%
2024,Total,1398,2325,3895,2959,56,46.23%,-5.49%,-16.42%,16.67%
2024,Non Strata,3858,4775,5447,5112,s,0.53%,7.65%,11.11%,11.11%
2024,Strata,1323,1488,2200,1762,36,4.39%,-10.34%,-26.53%,20.00%
2025,Total,2600,4000,6652,4482,45,60.00%,31.69%,9.76%,18.42%
2025,Non Strata,4056,5276,6950,5978,s,21.29%,-9.03%,35.29%,21.05%
2025,Strata,1173,2503,3520,2917,s,65.73%,60.42%,-8.33%,15.79%
2026,Total,1200,1880,3275,2566,173,6.97%,13.94%,8.13%,38.40%
2026,Non Strata,3844,4650,5865,5293,46,10.06%,13.76%,58.62%,43.75%
2026,Strata,1075,1370,1938,1578,127,-12.46%,1.48%,-3.05%,36.56%
2027,Total,1250,2050,2790,2534,49,-41.43%,21.30%,-16.95%,40.00%
2027,Non Strata,-,-,-,-,-,-,-,-,-
2027,Strata,1235,1985,2790,2254,46,-40.75%,26.43%,-11.54%,39.39%
2028,Total,1521,2133,3150,2439,38,5.88%,-28.92%,11.76%,22.58%
2028,Non Strata,-,-,-,-,-,-,-,-,-
2028,Strata,1464,2065,3000,2254,36,21.40%,-31.17%,20.00%,16.13%
2029,Total,1145,1635,3036,2150,51,-55.81%,-29.27%,24.39%,34.21%
2029,Non Strata,-,-,-,-,-,-,-,-,-
2029,Strata,1085,1315,2250,1693,41,-14.05%,-38.04%,78.26%,46.43%
2030,Total,1225,3950,9540,5502,56,-23.15%,1.48%,5.66%,27.27%
2030,Non Strata,4478,9300,10850,8844,31,1.20%,36.76%,29.17%,34.78%
2030,Strata,1020,1150,1740,1359,s,-25.81%,-2.54%,-13.79%,19.05%
2031,Total,998,1300,2599,2256,179,-7.14%,5.91%,23.45%,37.69%
2031,Non Strata,2775,3300,5168,3949,33,-1.12%,0.00%,-25.00%,-15.38%
2031,Strata,953,1193,1593,1874,146,3.70%,10.42%,44.55%,60.44%
2032,Total,796,1033,2135,1520,46,2.48%,0.49%,9.52%,43.75%
2032,Non Strata,1963,2413,2712,2557,s,10.03%,1.17%,0.00%,63.64%
2032,Strata,715,833,979,853,s,-4.03%,-3.76%,16.67%,33.33%
2033,Total,856,1005,1369,1389,34,8.53%,-11.06%,-12.82%,-17.07%
2033,Non Strata,-,-,-,-,-,-,-,-,-
2033,Strata,750,980,1200,1023,s,8.89%,8.29%,-21.62%,-9.37%
2034,Total,1205,1650,2750,2308,89,-9.09%,8.55%,-4.30%,32.84%
2034,Non Strata,2963,3710,5001,4469,s,-3.39%,9.12%,-15.38%,69.23%
2034,Strata,1120,1475,1840,1599,67,7.98%,5.36%,0.00%,24.07%
2035,Total,939,1585,2770,1978,118,18.28%,5.67%,-6.35%,8.26%
2035,Non Strata,2500,2808,3083,3093,54,-7.50%,14.36%,5.88%,12.50%
2035,Strata,826,965,1225,1037,64,1.58%,1.15%,-14.67%,4.92%
2036,Total,820,1081,2180,1468,113,-38.23%,5.05%,31.40%,31.40%
2036,Non Strata,2098,2420,2805,2482,s,-5.28%,-3.97%,-16.67%,7.14%
2036,Strata,764,865,1263,1102,83,-0.92%,8.13%,66.00%,43.10%
2037,Total,900,1390,1958,1570,75,10.76%,-20.11%,5.63%,-15.73%
2037,Non Strata,2000,2600,3027,2639,s,6.56%,26.83%,23.53%,0.00%
2037,Strata,803,1130,1438,1154,54,-2.80%,-22.87%,0.00%,-20.59%
2038,Total,1300,1650,2050,1699,37,-13.52%,-6.78%,-13.95%,8.82%
2038,Non Strata,1650,2000,2410,2164,s,-13.31%,4.17%,-25.00%,-22.22%
2038,Strata,679,973,1466,1088,s,-30.54%,-12.39%,6.67%,128.57%
2039,Total,1658,2083,2614,2192,46,7.90%,16.99%,17.95%,39.39%
2039,Non Strata,2030,2275,2656,2494,s,-0.87%,21.98%,16.67%,55.56%
2039,Strata,1200,1591,1935,1722,s,15.25%,9.69%,20.00%,20.00%
2040,Total,1354,1735,2200,1773,115,8.27%,6.28%,12.75%,22.34%
2040,Non Strata,1819,2075,2563,2150,72,1.07%,12.15%,30.91%,24.14%
2040,Strata,833,1225,1365,1142,43,22.26%,26.94%,-8.51%,19.44%
2041,Total,1660,2043,2600,2156,76,-13.09%,2.12%,13.43%,22.58%
2041,Non Strata,1870,2250,3200,2581,45,-24.37%,-14.93%,4.65%,25.00%
2041,Strata,940,1333,2085,1538,31,-10.42%,8.78%,29.17%,19.23%
2042,Total,850,1525,1955,1569,89,4.63%,8.93%,17.11%,18.67%
2042,Non Strata,1610,1900,2376,2072,54,6.92%,21.41%,14.89%,1.89%
2042,Strata,615,765,931,794,35,12.50%,-2.30%,20.69%,59.09%
2043,Total,870,1168,1398,1224,58,4.94%,21.74%,-3.33%,56.76%
2043,Non Strata,1613,1938,2040,1863,s,16.02%,46.23%,-22.22%,16.67%
2043,Strata,810,1005,1207,1021,44,6.72%,22.56%,4.76%,76.00%
2044,Total,1238,1510,1755,1478,47,7.09%,7.86%,9.30%,42.42%
2044,Non Strata,1470,1650,1828,1675,33,11.30%,14.58%,6.45%,22.22%
2044,Strata,743,928,1369,1013,s,-0.54%,0.82%,16.67%,133.33%
2045,Total,2700,2950,3500,3184,s,3.51%,1.29%,-15.00%,112.50%
2045,Non Strata,2738,2975,3553,3318,s,3.48%,2.15%,-11.11%,100.00%
2045,Strata,-,-,-,-,-,-,-,-,-
2046,Total,1020,1800,2850,2003,113,-3.23%,22.45%,17.71%,39.51%
2046,Non Strata,2314,3028,3650,2963,48,17.34%,5.45%,6.67%,33.33%
2046,Strata,920,1075,1428,1294,65,-6.52%,11.98%,27.45%,44.44%
2047,Total,995,1375,1950,1550,55,-3.51%,-18.76%,-15.38%,5.77%
2047,Non Strata,1743,1950,2577,2117,s,-17.02%,-20.73%,-17.65%,-22.22%
2047,Strata,908,1210,1470,1356,41,-2.22%,-7.88%,-14.58%,20.59%
2048,Total,748,1020,2168,1513,37,-36.65%,13.33%,60.87%,48.00%
2048,Non Strata,2002,2172,2590,2297,s,-3.48%,1.96%,20.00%,38.46%
2048,Strata,706,748,835,770,s,0.40%,13.33%,137.50%,58.33%
2049,Total,762,950,2208,1432,47,-21.81%,-32.38%,-2.08%,-4.08%
2049,Non Strata,1910,2301,2540,2282,s,22.39%,31.49%,-16.00%,-32.26%
2049,Strata,631,778,848,745,s,-10.12%,15.53%,13.04%,44.44%
2050,Total,861,1109,1503,1258,56,9.78%,14.30%,-1.75%,47.37%
2050,Non Strata,1621,1781,2194,1997,s,-1.63%,13.08%,-14.29%,-14.29%
2050,Strata,820,1030,1238,1056,44,14.44%,22.91%,2.33%,83.33%
2060,Total,826,1203,1596,1414,94,16.18%,-13.02%,2.17%,46.88%
2060,Non Strata,-,-,-,-,-,-,-,-,-
2060,Strata,787,1135,1503,1181,84,10.73%,-8.54%,-5.62%,55.56%
2061,Total,1780,2500,3100,2741,49,4.17%,41.64%,48.48%,36.11%
2061,Non Strata,-,-,-,-,-,-,-,-,-
2061,Strata,1752,2180,2830,2572,45,9.07%,23.51%,45.16%,25.00%
2062,Total,1270,1900,2755,2027,37,41.53%,9.83%,-2.63%,5.71%
2062,Non Strata,-,-,-,-,-,-,-,-,-
2062,Strata,1113,1500,2193,1605,s,27.12%,5.91%,-12.90%,3.85%
2063,Total,4366,4600,5863,4989,s,162.86%,24.32%,-18.18%,20.00%
2063,Non Strata,4415,4600,6050,5173,s,-17.86%,6.68%,70.00%,88.89%
2063,Strata,-,-,-,-,-,-,-,-,-
2064,Total,950,1225,1780,1620,35,3.95%,7.69%,16.67%,9.38%
2064,Non Strata,-,-,-,-,-,-,-,-,-
2064,Strata,930,1105,1325,1172,s,3.27%,14.66%,21.74%,40.00%
2065,Total,999,1383,2100,1693,246,0.55%,-6.62%,9.82%,6.49%
2065,Non Strata,2525,3070,4180,3384,45,5.86%,-52.77%,104.55%,-23.73%
2065,Strata,890,1195,1650,1315,201,-9.71%,-0.42%,-0.50%,16.86%
2066,Total,748,920,1750,1585,163,-6.79%,-3.66%,9.40%,12.41%
2066,Non Strata,2978,3638,3945,3673,40,4.38%,34.72%,11.11%,-6.98%
2066,Strata,723,828,1000,906,123,-2.65%,2.99%,8.85%,20.59%
2067,Total,1197,1800,2755,2180,155,2.92%,-14.79%,20.16%,31.36%
2067,Non Strata,2493,3033,3778,3190,36,5.02%,16.63%,38.46%,38.46%
2067,Strata,1089,1600,2312,1874,119,8.36%,1.11%,15.53%,29.35%
2068,Total,1532,3050,4210,3012,81,3.98%,1.67%,15.71%,35.00%
2068,Non Strata,3063,3875,4714,3937,54,13.97%,10.09%,14.89%,20.00%
2068,Strata,878,1120,1466,1161,s,11.44%,-6.67%,17.39%,80.00%
2069,Total,1160,2752,3904,2825,60,84.66%,-16.62%,-6.25%,42.86%
2069,Non Strata,2805,3750,4765,3827,39,7.14%,6.53%,44.44%,21.88%
2069,Strata,826,916,1160,966,s,-16.73%,-13.38%,-43.24%,110.00%
2070,Total,1480,3050,3700,2761,61,10.91%,-3.60%,7.02%,90.63%
2070,Non Strata,3215,3643,4388,3868,32,-6.95%,-7.08%,0.00%,77.78%
2070,Strata,1023,1435,1705,1539,s,36.02%,13.44%,16.00%,107.14%
2071,Total,1210,3000,3588,2727,50,7.14%,-0.33%,-5.66%,16.28%
2071,Non Strata,3169,3525,4060,3745,s,-9.03%,-11.88%,-14.29%,15.38%
2071,Strata,920,1045,1501,1200,s,10.88%,3.98%,11.11%,17.65%
2072,Total,965,1400,3000,2001,39,28.44%,16.67%,-23.53%,-27.78%
2072,Non Strata,3200,4250,4740,4159,s,44.07%,4.94%,-26.67%,-31.25%
2072,Strata,904,1103,1441,1154,s,10.25%,7.56%,-22.22%,-26.32%
2073,Total,1280,2730,3450,2573,73,1.11%,8.76%,-5.19%,25.86%
2073,Non Strata,2745,3300,4000,3335,47,9.63%,26.16%,-12.96%,0.00%
2073,Strata,896,986,1295,1196,s,-12.01%,-32.96%,13.04%,136.36%
2074,Total,1176,2316,3463,2555,96,-13.60%,4.30%,9.09%,1.05%
2074,Non Strata,2576,3240,4046,3475,58,11.26%,20.00%,-9.37%,-4.92%
2074,Strata,803,975,1416,1149,38,-6.47%,-11.08%,58.33%,11.76%
2075,Total,1173,2478,3208,2408,104,0.18%,6.56%,5.05%,7.22%
2075,Non Strata,2766,3200,4000,3499,54,9.03%,15.32%,-6.90%,-10.00%
2075,Strata,936,1136,1623,1230,50,10.29%,-12.62%,21.95%,35.14%
2076,Total,1559,2184,2874,2245,114,-5.07%,0.05%,1.79%,23.91%
2076,Non Strata,2041,2450,3105,2681,83,-9.26%,1.66%,-1.19%,12.16%
2076,Strata,800,1000,1365,1078,31,3.63%,-2.44%,10.71%,72.22%
2077,Total,676,745,1270,969,245,-4.49%,-0.67%,16.11%,27.60%
2077,Non Strata,1520,1625,1820,1735,53,-2.40%,8.33%,-8.62%,-10.17%
2077,Strata,658,705,789,757,192,-2.08%,2.92%,25.49%,44.36%
2079,Total,981,1468,1614,1302,s,5.78%,27.61%,0.00%,12.00%
2079,Non Strata,1425,1570,1700,1529,s,-1.88%,13.15%,31.25%,16.67%
2079,Strata,-,-,-,-,-,-,-,-,-
2080,Total,-,-,-,-,-,-,-,-,-
2080,Non Strata,-,-,-,-,-,-,-,-,-
2081,Total,1323,1480,1618,1463,s,5.71%,8.82%,-21.05%,15.38%
2081,Non Strata,1323,1480,1618,1463,s,5.71%,8.82%,-21.05%,15.38%
2082,Total,1335,1437,1490,1424,s,8.93%,10.50%,62.50%,18.18%
2082,Non Strata,1335,1437,1490,1424,s,8.93%,10.50%,62.50%,18.18%
2083,Total,-,-,-,-,-,-,-,-,-
2083,Non Strata,-,-,-,-,-,-,-,-,-
2084,Total,-,-,-,-,-,-,-,-,-
2084,Non Strata,-,-,-,-,-,-,-,-,-
2085,Total,2080,2325,2500,2223,43,13.41%,15.21%,59.26%,30.30%
2085,Non Strata,2194,2350,2550,2343,39,11.90%,12.98%,69.57%,34.48%
2085,Strata,-,-,-,-,-,-,-,-,-
2086,Total,2030,2230,2418,2241,39,4.94%,15.54%,18.18%,18.18%
2086,Non Strata,2044,2240,2421,2251,38,5.41%,14.87%,15.15%,22.58%
2086,Strata,-,-,-,-,-,-,-,-,-
2087,Total,2181,2436,2781,2456,40,15.94%,13.30%,29.03%,8.11%
2087,Non Strata,2181,2436,2781,2456,40,7.67%,10.73%,53.85%,14.29%
2088,Total,1200,2420,4314,3408,163,5.68%,-6.02%,17.27%,13.19%
2088,Non Strata,4143,5210,7500,6414,59,-1.93%,5.25%,9.26%,5.36%
2088,Strata,984,1353,2315,1703,104,-5.76%,-1.46%,22.35%,18.18%
2089,Total,891,1367,2095,1676,82,-1.87%,5.12%,-8.89%,3.80%
2089,Non Strata,2828,3318,4141,3549,s,-1.78%,43.61%,-33.33%,100.00%
2089,Strata,846,1233,1796,1355,70,0.00%,-0.40%,-2.78%,-4.11%
2090,Total,1135,1500,2095,1779,83,7.53%,-13.92%,1.22%,29.69%
2090,Non Strata,-,-,-,-,-,-,-,-,-
2090,Strata,1100,1400,1887,1511,73,4.67%,-13.04%,1.39%,35.19%
2092,Total,2183,2885,3730,3107,s,-3.83%,-17.57%,9.52%,21.05%
2092,Non Strata,2485,3261,3975,3337,s,-11.92%,-7.23%,18.75%,11.76%
2092,Strata,-,-,-,-,-,-,-,-,-
2093,Total,933,1740,3168,2193,102,-33.84%,-19.63%,7.37%,32.47%
2093,Non Strata,2645,3323,3961,3465,48,-7.06%,6.32%,-11.11%,17.07%
2093,Strata,862,943,1244,1062,54,-14.32%,-7.14%,31.71%,50.00%
2094,Total,1650,2300,2850,2391,s,21.05%,39.39%,7.41%,26.09%
2094,Non Strata,2725,3220,4175,3458,s,-12.50%,-3.88%,57.14%,266.67%
2094,Strata,1446,1750,2245,1739,s,25.00%,12.36%,-10.00%,-10.00%
2095,Total,1148,1513,2363,1964,84,-26.58%,-27.98%,20.00%,18.31%
2095,Non Strata,-,-,-,-,-,-,-,-,-
2095,Strata,1100,1425,1913,1609,75,-25.00%,-21.92%,27.12%,17.19%
2096,Total,925,1385,2974,2022,68,-8.00%,14.70%,6.25%,6.25%
2096,Non Strata,3325,4063,4398,4036,s,1.82%,25.39%,0.00%,28.57%
2096,Strata,911,1133,1489,1297,50,-11.35%,2.58%,8.70%,0.00%
2097,Total,1087,2365,3063,2193,52,8.36%,22.67%,6.12%,13.04%
2097,Non Strata,2465,2973,3323,2968,31,13.45%,38.28%,3.33%,24.00%
2097,Strata,840,960,1165,1049,s,-15.87%,-3.03%,10.53%,0.00%
2099,Total,866,1112,1788,1407,174,12.54%,9.01%,6.10%,12.99%
2099,Non Strata,1990,2305,2775,2439,47,-7.57%,0.22%,23.68%,14.63%
2099,Strata,819,925,1230,1025,127,4.99%,7.93%,0.79%,12.39%
2100,Total,1141,2078,2395,1908,74,3.10%,9.34%,13.85%,17.46%
2100,Non Strata,2110,2345,2850,2474,45,-4.67%,10.87%,21.62%,7.14%
2100,Strata,730,1050,1218,1028,s,4.48%,1.45%,3.57%,38.10%
2101,Total,1200,1650,2357,1912,57,16.20%,7.49%,-21.92%,0.00%
2101,Non Strata,2038,2339,2863,2655,s,-0.91%,5.34%,-11.11%,-11.11%
2101,Strata,1005,1259,1500,1371,33,17.15%,8.80%,-28.26%,10.00%
2102,Total,1291,1720,2238,1782,s,-13.39%,13.53%,3.45%,15.38%
2102,Non Strata,2130,2250,2368,2244,s,2.27%,2.27%,-11.76%,15.38%
2102,Strata,1149,1255,1540,1320,s,-10.36%,3.72%,25.00%,15.38%
2103,Total,1965,2160,2680,2280,46,1.29%,8.00%,9.52%,24.32%
2103,Non Strata,2155,2273,3144,2676,s,1.00%,5.70%,13.04%,36.84%
2103,Strata,1319,1930,2040,1764,s,26.97%,28.67%,5.26%,11.11%
2104,Total,-,-,-,-,-,-,-,-,-
2104,Non Strata,-,-,-,-,-,-,-,-,-
2105,Total,-,-,-,-,-,-,-,-,-
2105,Non Strata,-,-,-,-,-,-,-,-,-
2106,Total,1400,2105,2850,2192,33,19.60%,12.57%,-19.51%,13.79%
2106,Non Strata,2105,2510,3175,2739,s,-19.03%,11.06%,31.25%,40.00%
2106,Strata,870,1118,1488,1236,s,-14.04%,0.00%,-52.00%,-14.29%
2107,Total,2100,2530,3200,2562,69,0.40%,5.42%,0.00%,16.95%
2107,Non Strata,2425,2800,3450,2974,53,3.70%,8.32%,-3.64%,12.77%
2107,Strata,800,1035,1395,1194,s,-32.68%,-34.70%,14.29%,33.33%
2108,Total,-,-,-,-,-,-,-,-,-
2108,Non Strata,-,-,-,-,-,-,-,-,-
2110,Total,996,1850,3838,2624,35,-41.18%,-44.36%,-25.53%,20.69%
2110,Non Strata,3265,4050,5150,4506,s,-6.36%,-6.36%,-44.44%,-25.00%
2110,Strata,868,1088,1365,1212,s,16.06%,25.72%,0.00%,122.22%
2111,Total,753,1100,2590,1737,88,-8.33%,-0.44%,1.15%,57.14%
2111,Non Strata,2408,2790,3253,2944,36,8.56%,7.72%,-2.70%,80.00%
2111,Strata,684,788,981,901,52,2.01%,-8.37%,4.00%,44.44%
2112,Total,707,870,2016,1339,224,-2.79%,-6.20%,1.82%,23.08%
2112,Non Strata,2170,2466,2790,2515,69,-2.51%,8.63%,-4.17%,23.21%
2112,Strata,638,760,883,815,155,4.83%,1.20%,4.73%,23.02%
2113,Total,796,1250,2735,10745,303,30.21%,24.38%,37.10%,89.38%
2113,Non Strata,2105,2257,2573,2313,42,-4.59%,8.07%,10.53%,16.67%
2113,Strata,766,1080,43000,12102,261,19.87%,27.06%,42.62%,110.48%
2114,Total,631,840,2049,1284,114,0.90%,1.82%,14.00%,10.68%
2114,Non Strata,2044,2210,2450,2238,40,-3.45%,7.80%,25.00%,21.21%
2114,Strata,585,736,833,769,74,9.37%,17.02%,8.82%,5.71%
2115,Total,910,1550,1878,1457,46,0.00%,9.93%,39.39%,21.05%
2115,Non Strata,1661,1870,2019,1839,s,7.22%,12.65%,27.27%,12.00%
2115,Strata,717,774,993,861,s,10.41%,12.09%,63.64%,38.46%
2116,Total,672,826,1673,1121,32,-49.51%,-37.46%,0.00%,3.23%
2116,Non Strata,1625,1680,1880,1729,s,-5.35%,12.37%,-45.83%,-35.00%
2116,Strata,635,687,733,705,s,-12.09%,-9.61%,137.50%,72.73%
2117,Total,859,1415,1700,1309,98,-6.07%,-1.39%,19.51%,53.13%
2117,Non Strata,1597,1700,1900,1748,50,-2.86%,8.63%,6.38%,13.64%
2117,Strata,614,843,1085,852,48,-1.00%,13.77%,37.14%,140.00%
2118,Total,675,923,1940,1296,134,2.50%,-31.67%,-0.74%,69.62%
2118,Non Strata,1719,2070,2300,2050,55,-3.27%,16.29%,3.77%,34.15%
2118,Strata,639,700,845,770,79,2.34%,8.53%,-3.66%,107.89%
2119,Total,1948,2380,2700,2237,49,0.63%,15.93%,36.11%,22.50%
2119,Non Strata,2200,2501,2799,2571,38,-0.18%,12.38%,22.58%,31.03%
2119,Strata,735,815,1525,1083,s,14.47%,8.67%,120.00%,0.00%
2120,Total,1525,1820,2160,1738,71,1.11%,16.48%,0.00%,18.33%
2120,Non Strata,1714,1996,2200,1974,54,5.83%,16.55%,8.00%,22.73%
2120,Strata,680,835,1258,986,s,1.83%,4.37%,-19.05%,6.25%
2121,Total,749,870,2130,1524,205,-0.17%,1.75%,28.13%,58.91%
2121,Non Strata,2223,2465,2933,2593,50,4.45%,16.94%,13.64%,16.28%
2121,Strata,720,808,977,1180,155,5.28%,9.19%,33.62%,80.23%
2122,Total,860,1465,2425,1655,135,-22.28%,35.02%,9.76%,56.98%
2122,Non Strata,2341,2515,2765,2578,56,4.47%,7.82%,-9.68%,47.37%
2122,Strata,742,890,1268,1001,79,-3.26%,15.58%,29.51%,64.58%
2125,Total,1984,2189,2714,2355,40,-6.84%,-8.78%,-9.09%,37.93%
2125,Non Strata,2000,2239,2742,2414,38,-8.51%,-7.56%,0.00%,35.71%
2125,Strata,-,-,-,-,-,-,-,-,-
2126,Total,1873,2231,2398,2119,42,-1.76%,14.35%,-22.22%,5.00%
2126,Non Strata,1900,2280,2419,2219,37,-2.56%,11.22%,-17.78%,5.71%
2126,Strata,-,-,-,-,-,-,-,-,-
2127,Total,669,768,812,795,216,2.33%,1.66%,12.50%,30.91%
2127,Non Strata,1482,1620,1680,1596,s,-2.70%,2.21%,160.00%,160.00%
2127,Strata,655,755,800,744,203,0.67%,0.67%,8.56%,26.88%
2128,Total,558,795,1060,873,s,-52.30%,8.31%,650.00%,200.00%
2128,Non Strata,-,-,-,-,-,-,-,-,-
2128,Strata,549,743,898,837,s,,16.04%,,366.67%
2130,Total,880,1210,2138,1514,31,12.82%,-1.63%,-3.12%,-6.06%
2130,Non Strata,2100,2201,2610,2321,s,1.78%,-17.69%,30.00%,30.00%
2130,Strata,826,898,1154,931,s,-0.69%,6.21%,-18.18%,-21.74%
2131,Total,700,800,960,962,143,-9.19%,7.53%,30.00%,62.50%
2131,Non Strata,1806,2110,2289,2058,s,2.68%,18.54%,-25.93%,17.65%
2131,Strata,683,774,880,784,123,0.52%,8.25%,48.19%,73.24%
2132,Total,790,1485,2487,1687,s,-7.65%,-0.07%,20.83%,31.82%
2132,Non Strata,1775,2400,2750,2317,s,16.65%,35.94%,21.43%,41.67%
2132,Strata,621,723,825,795,s,17.48%,2.85%,20.00%,20.00%
2133,Total,695,1170,1750,1321,37,-4.65%,-13.01%,2.78%,5.71%
2133,Non Strata,1663,1756,2239,1925,s,-10.11%,9.55%,0.00%,0.00%
2133,Strata,565,695,913,748,s,12.46%,14.88%,5.56%,11.76%
2134,Total,801,974,1190,1318,98,-10.23%,-5.48%,-3.92%,6.52%
2134,Non Strata,2416,2846,3715,3079,s,18.04%,15.93%,28.57%,0.00%
2134,Strata,770,903,1063,921,80,-11.52%,-2.06%,-9.09%,8.11%
2135,Total,685,1186,3160,2010,109,-3.18%,38.39%,41.56%,17.20%
2135,Non Strata,2859,3318,4036,3569,48,-5.62%,-3.77%,33.33%,41.18%
2135,Strata,645,720,880,783,61,1.41%,5.88%,48.78%,3.39%
2136,Total,742,890,1912,1501,39,10.55%,-17.60%,-7.14%,34.48%
2136,Non Strata,1745,2090,2476,2393,s,11.02%,20.01%,50.00%,50.00%
2136,Strata,645,743,799,736,s,13.70%,14.31%,-30.00%,23.53%
2137,Total,823,1175,2335,1615,159,-32.76%,-44.05%,51.43%,27.20%
2137,Non Strata,2443,2848,3466,2933,46,-1.81%,-1.13%,15.00%,-14.81%
2137,Strata,780,825,1433,1079,113,-40.22%,-34.00%,73.85%,59.15%
2138,Total,808,1010,1400,1242,129,-3.35%,4.66%,7.50%,50.00%
2138,Non Strata,1771,2725,2888,2454,s,-1.27%,4.31%,-18.52%,57.14%
2138,Strata,775,915,1128,992,107,-1.61%,1.67%,15.05%,48.61%
2140,Total,590,650,741,720,136,5.26%,1.56%,15.25%,37.37%
2140,Non Strata,-,-,-,-,-,-,-,-,-
2140,Strata,588,650,713,655,131,7.44%,2.85%,14.91%,37.89%
2141,Total,655,799,1108,932,151,2.57%,-6.00%,-7.93%,27.97%
2141,Non Strata,1285,1480,1755,1526,40,16.08%,8.82%,5.26%,8.11%
2141,Strata,600,740,805,717,111,0.61%,2.78%,-11.90%,37.04%
2142,Total,474,559,894,717,140,-18.73%,-11.31%,-23.91%,20.69%
2142,Non Strata,988,1135,1325,1193,39,6.27%,12.10%,34.48%,8.33%
2142,Strata,450,510,595,534,101,-13.56%,-2.16%,-34.84%,26.25%
2143,Total,637,992,1270,975,38,-3.50%,-1.34%,58.33%,65.22%
2143,Non Strata,1015,1153,1413,1219,s,-3.80%,13.05%,71.43%,33.33%
2143,Strata,480,546,670,558,s,2.02%,47.53%,40.00%,180.00%
2144,Total,500,647,859,739,159,0.89%,5.50%,33.61%,62.24%
2144,Non Strata,1062,1180,1356,1231,41,0.94%,4.42%,10.81%,17.14%
2144,Strata,451,566,664,567,118,-0.79%,13.10%,43.90%,87.30%
2145,Total,580,758,1186,878,360,1.00%,-1.30%,10.77%,33.33%
2145,Non Strata,1085,1230,1350,1230,157,1.23%,9.33%,9.03%,24.60%
2145,Strata,530,592,683,605,203,3.32%,0.25%,12.15%,40.97%
2146,Total,605,855,1210,910,77,-10.94%,-10.30%,2.67%,16.67%
2146,Non Strata,1176,1222,1301,1227,37,1.83%,4.80%,-9.76%,5.71%
2146,Strata,533,618,683,617,40,4.75%,6.47%,17.65%,29.03%
2147,Total,880,1050,1361,1095,133,5.53%,16.67%,5.56%,16.67%
2147,Non Strata,961,1110,1378,1155,115,10.45%,22.72%,-0.86%,12.75%
2147,Strata,612,688,775,713,s,-6.14%,-0.72%,80.00%,50.00%
2148,Total,570,840,965,799,301,5.00%,12.00%,19.44%,35.59%
2148,Non Strata,900,955,1065,992,162,0.26%,12.22%,17.39%,25.58%
2148,Strata,450,560,688,573,139,10.88%,3.70%,21.93%,49.46%
2150,Total,527,653,800,885,274,4.98%,7.05%,11.38%,48.11%
2150,Non Strata,1615,1761,4120,3337,s,33.31%,27.61%,100.00%,300.00%
2150,Strata,520,645,755,692,254,5.31%,6.61%,7.63%,41.11%
2151,Total,613,790,1705,1155,88,-17.45%,-3.98%,7.32%,-2.22%
2151,Non Strata,1655,1901,2117,1892,34,18.78%,17.13%,-5.56%,41.67%
2151,Strata,586,620,768,692,54,0.12%,0.98%,17.39%,-18.18%
2152,Total,678,900,1180,1001,39,24.14%,-2.17%,-2.50%,-26.42%
2152,Non Strata,1175,1485,1663,1423,s,3.13%,4.58%,-6.67%,-39.13%
2152,Strata,635,725,900,764,s,25.65%,9.68%,0.00%,-16.67%
2153,Total,1155,1620,1900,1538,204,4.45%,17.82%,5.15%,19.30%
2153,Non Strata,1638,1800,2029,1837,132,6.35%,17.65%,1.54%,12.82%
2153,Strata,784,895,1176,988,72,11.81%,13.95%,12.50%,33.33%
2154,Total,1125,1908,2343,1790,160,5.91%,19.22%,22.14%,13.48%
2154,Non Strata,2000,2275,2519,2341,90,0.93%,18.49%,23.29%,3.45%
2154,Strata,902,1075,1223,1083,70,-0.97%,15.59%,20.69%,29.63%
2155,Total,849,1575,1833,1446,360,9.97%,30.67%,-10.89%,-4.26%
2155,Non Strata,1557,1723,1914,1752,252,0.57%,13.14%,3.28%,26.00%
2155,Strata,612,700,789,732,108,5.82%,5.26%,-32.50%,-38.64%
2156,Total,2238,2575,3327,2796,40,-10.43%,-0.96%,-13.04%,-2.44%
2156,Non Strata,2238,2575,3327,2796,40,-10.43%,-0.96%,-13.04%,-2.44%
2157,Total,1796,1895,2738,2205,s,-24.88%,-9.76%,-8.33%,-8.33%
2157,Non Strata,1796,1895,2738,2205,s,-24.88%,-9.76%,-8.33%,-8.33%
2158,Total,1475,1810,2210,2151,s,-4.99%,-15.02%,-34.21%,-7.41%
2158,Non Strata,1788,1928,2449,2545,s,-4.96%,-42.89%,-41.94%,-18.18%
2158,Strata,-,-,-,-,-,-,-,-,-
2159,Total,-,-,-,-,-,-,-,-,-
2159,Non Strata,-,-,-,-,-,-,-,-,-
2160,Total,479,856,1181,864,126,-2.23%,11.10%,7.69%,5.88%
2160,Non Strata,970,1150,1341,1184,68,0.44%,15.00%,7.94%,11.48%
2160,Strata,440,475,508,488,58,-0.58%,3.26%,7.41%,0.00%
2161,Total,485,938,1185,898,126,-8.04%,6.59%,9.57%,63.64%
2161,Non Strata,940,1135,1243,1113,84,3.18%,16.41%,1.20%,71.43%
2161,Strata,419,458,478,469,42,-2.45%,-4.49%,31.25%,50.00%
2162,Total,790,1080,1160,992,47,-0.18%,16.76%,-11.32%,2.17%
2162,Non Strata,1052,1109,1210,1110,36,-0.09%,15.52%,-20.00%,2.86%
2162,Strata,510,631,706,606,s,0.96%,1.77%,37.50%,0.00%
2163,Total,498,760,900,700,s,19.69%,15.15%,3.45%,-6.25%
2163,Non Strata,850,900,930,888,s,-3.23%,5.29%,21.43%,6.25%
2163,Strata,375,470,545,455,s,25.33%,-6.00%,-13.33%,-18.75%
2164,Total,888,1025,1200,1055,38,4.59%,13.89%,-35.59%,-19.15%
2164,Non Strata,914,1040,1200,1072,36,4.52%,14.29%,-32.08%,-21.74%
2164,Strata,-,-,-,-,-,-,-,-,-
2165,Total,499,900,1076,833,159,-3.23%,5.88%,23.26%,48.60%
2165,Non Strata,900,1000,1135,1028,105,0.00%,1.27%,38.16%,43.84%
2165,Strata,390,419,499,454,54,-8.91%,16.71%,1.89%,58.82%
2166,Total,458,837,1100,850,166,-8.08%,-3.29%,-0.60%,36.07%
2166,Non Strata,900,1075,1335,1110,99,3.86%,7.50%,13.79%,25.32%
2166,Strata,387,425,536,465,67,-2.30%,-2.30%,-16.25%,55.81%
2167,Total,743,794,1006,865,38,-10.34%,10.02%,15.15%,26.67%
2167,Non Strata,919,1030,1140,1048,s,5.64%,8.42%,-21.74%,12.50%
2167,Strata,637,745,760,701,s,21.04%,44.66%,100.00%,42.86%
2168,Total,780,848,955,885,99,-0.24%,3.41%,8.79%,37.50%
2168,Non Strata,790,853,964,896,90,-0.41%,3.96%,5.88%,25.00%
2168,Strata,-,-,-,-,-,-,-,-,-
2170,Total,510,726,981,775,439,5.91%,4.46%,-2.23%,-1.57%
2170,Non Strata,885,1026,1230,1067,193,5.77%,3.90%,-10.65%,-3.50%
2170,Strata,420,533,655,547,246,6.50%,3.65%,5.58%,0.00%
2171,Total,920,1050,1202,1081,85,-5.58%,-4.55%,30.77%,7.59%
2171,Non Strata,920,1055,1214,1084,84,-5.13%,-4.52%,29.23%,10.53%
2171,Strata,-,-,-,-,-,-,-,-,-
2172,Total,-,-,-,-,-,-,-,-,-
2172,Non Strata,-,-,-,-,-,-,-,-,-
2173,Total,888,1060,1215,1068,39,3.11%,10.19%,25.81%,2.63%
2173,Non Strata,932,1070,1243,1096,35,3.46%,7.00%,25.00%,6.06%
2173,Strata,-,-,-,-,-,-,-,-,-
2174,Total,710,1171,1300,1038,36,62.67%,10.50%,-40.00%,-12.20%
2174,Non Strata,1185,1270,1399,1289,s,4.53%,7.63%,-18.52%,-37.14%
2174,Strata,584,599,715,644,s,-10.50%,-10.03%,-57.58%,133.33%
2175,Total,-,-,-,-,-,-,-,-,-
2175,Non Strata,-,-,-,-,-,-,-,-,-
2176,Total,908,1040,1216,1057,95,-7.23%,-5.45%,9.20%,13.10%
2176,Non Strata,976,1085,1256,1127,78,-4.82%,-1.36%,-2.50%,-1.27%
2176,Strata,700,735,770,736,s,2.08%,-2.00%,142.86%,240.00%
2177,Total,830,963,1076,959,s,18.84%,9.38%,-18.52%,57.14%
2177,Non Strata,885,970,1119,1020,s,11.49%,7.78%,0.00%,46.15%
2177,Strata,-,-,-,-,-,-,-,-,-
2178,Total,-,-,-,-,-,-,-,-,-
2178,Non Strata,-,-,-,-,-,-,-,-,-
2179,Total,723,960,1173,1650,90,-3.76%,-11.52%,18.42%,25.00%
2179,Non Strata,723,960,1173,1650,90,-3.76%,-11.52%,18.42%,25.00%
2190,Total,990,1260,1420,1201,61,4.56%,5.00%,-11.59%,-10.29%
2190,Non Strata,1100,1300,1460,1283,53,2.89%,3.17%,-1.85%,-3.64%
2190,Strata,-,-,-,-,-,-,-,-,-
2191,Total,975,1610,1725,1541,s,15.00%,19.26%,-13.33%,44.44%
2191,Non Strata,-,-,-,-,-,-,-,-,-
2191,Strata,-,-,-,-,-,-,-,-,-
2192,Total,529,710,1498,1002,46,7.58%,-29.00%,-14.81%,31.43%
2192,Non Strata,1440,1600,1748,1616,s,6.24%,25.49%,-9.52%,0.00%
2192,Strata,485,533,675,571,s,-4.57%,-0.47%,-18.18%,68.75%
2193,Total,736,1398,2116,1747,66,62.50%,87.84%,8.20%,3.13%
2193,Non Strata,1622,1880,2125,1885,s,-13.00%,15.16%,0.00%,-16.67%
2193,Strata,670,785,1225,1663,41,17.12%,28.69%,13.89%,20.59%
2194,Total,539,645,710,786,103,2.38%,2.38%,-1.90%,28.75%
2194,Non Strata,1540,1658,1875,1756,s,10.50%,11.20%,-30.43%,0.00%
2194,Strata,528,620,670,608,87,3.77%,1.64%,6.10%,35.94%
2195,Total,390,410,550,557,121,0.61%,-1.80%,4.31%,21.00%
2195,Non Strata,924,1107,1260,1191,s,-6.23%,-3.47%,-16.00%,16.67%
2195,Strata,385,401,436,423,100,2.69%,3.02%,9.89%,21.95%
2196,Total,482,1031,1266,943,90,3.05%,20.10%,-5.26%,7.14%
2196,Non Strata,1080,1215,1400,1253,54,-1.74%,2.19%,-5.26%,17.39%
2196,Strata,380,420,561,478,36,-6.15%,-15.75%,-5.26%,-5.26%
2197,Total,923,1048,1206,1069,s,-9.68%,-2.08%,18.18%,116.67%
2197,Non Strata,930,1066,1215,1081,s,-15.60%,-4.10%,38.89%,177.78%
2197,Strata,-,-,-,-,-,-,-,-,-
2198,Total,1000,1200,1300,1182,33,0.42%,10.80%,-13.16%,10.00%
2198,Non Strata,1000,1200,1303,1197,32,-1.64%,10.09%,0.00%,18.52%
2198,Strata,-,-,-,-,-,-,-,-,-
2199,Total,708,1139,1279,1053,64,12.44%,18.96%,18.52%,60.00%
2199,Non Strata,1100,1250,1405,1242,45,7.20%,20.19%,28.57%,73.08%
2199,Strata,490,605,685,604,s,1.68%,0.83%,0.00%,35.71%
2200,Total,490,595,1204,833,199,-4.42%,0.00%,22.84%,30.07%
2200,Non Strata,1194,1289,1426,1355,72,-4.56%,7.37%,10.77%,30.91%
2200,Strata,465,510,575,537,127,1.99%,2.50%,30.93%,29.59%
2203,Total,720,903,1509,1235,70,1.52%,1.52%,7.69%,-1.41%
2203,Non Strata,1765,2210,2709,2315,s,32.53%,22.44%,-5.00%,-13.64%
2203,Strata,670,800,922,833,51,-3.73%,1.01%,13.33%,4.08%
2204,Total,810,1090,1845,1353,103,-20.73%,0.00%,4.04%,0.00%
2204,Non Strata,1748,2055,2390,2117,40,6.48%,15.32%,-20.00%,-25.93%
2204,Strata,736,840,992,868,63,3.07%,15.86%,28.57%,28.57%
2205,Total,702,780,880,876,143,5.98%,5.83%,5.15%,7.52%
2205,Non Strata,1431,1673,1771,1662,s,3.24%,4.53%,-5.26%,-40.00%
2205,Strata,684,760,825,763,125,8.57%,6.67%,6.84%,21.36%
2206,Total,1282,1655,1872,1622,46,2.32%,11.07%,-25.81%,9.52%
2206,Non Strata,1565,1803,2065,1833,34,5.56%,12.66%,-34.62%,9.68%
2206,Strata,894,926,1094,1023,s,-14.26%,19.48%,20.00%,9.09%
2207,Total,727,1000,1631,1203,127,-6.76%,-16.67%,41.11%,39.56%
2207,Non Strata,1509,1680,1931,1728,58,7.49%,13.74%,38.10%,11.54%
2207,Strata,668,740,830,761,69,10.45%,8.03%,43.75%,76.92%
2208,Total,1398,1515,1857,1564,56,0.30%,0.33%,55.56%,133.33%
2208,Non Strata,1450,1636,1948,1751,44,4.87%,8.34%,62.96%,100.00%
2208,Strata,738,915,1008,878,s,27.26%,-31.84%,33.33%,500.00%
2209,Total,656,1373,1521,1213,36,-3.65%,14.08%,-32.08%,-25.00%
2209,Non Strata,1362,1445,1640,1475,s,-4.31%,1.47%,-27.78%,-7.14%
2209,Strata,-,-,-,-,-,-,-,-,-
2210,Total,720,1254,1514,1197,116,0.28%,8.30%,19.59%,3.57%
2210,Non Strata,1279,1426,1650,1516,72,0.39%,2.19%,18.03%,9.09%
2210,Strata,598,650,739,674,44,-2.62%,-5.11%,22.22%,-4.35%
2211,Total,1055,1285,1541,1302,65,-1.15%,7.08%,6.56%,0.00%
2211,Non Strata,1243,1355,1606,1415,52,2.26%,7.11%,-1.89%,6.12%
2211,Strata,678,880,997,852,s,-1.57%,8.31%,62.50%,-18.75%
2212,Total,1049,1287,1463,1269,68,0.51%,9.03%,30.77%,36.00%
2212,Non Strata,1250,1375,1530,1374,53,1.85%,10.00%,23.26%,43.24%
2212,Strata,755,950,955,895,s,4.40%,11.76%,66.67%,15.38%
2213,Total,1200,1315,1430,1324,93,-2.59%,6.05%,9.41%,8.14%
2213,Non Strata,1250,1340,1450,1399,79,-3.60%,6.60%,9.72%,1.28%
2213,Strata,758,976,1017,900,s,-5.24%,11.16%,7.69%,75.00%
2214,Total,1150,1275,1355,1183,s,0.39%,8.51%,142.86%,325.00%
2214,Non Strata,1172,1275,1368,1269,s,0.39%,8.51%,114.29%,275.00%
2214,Strata,-,-,-,-,-,-,-,-,-
2216,Total,626,725,840,881,117,0.08%,-6.75%,2.63%,14.71%
2216,Non Strata,1403,1723,1850,1688,s,3.77%,6.07%,-21.43%,-21.43%
2216,Strata,616,690,753,694,95,4.55%,-4.83%,10.47%,28.38%
2217,Total,700,803,1120,1011,200,0.63%,7.00%,-1.96%,32.45%
2217,Non Strata,1500,1797,2032,1793,42,2.95%,-4.19%,61.54%,35.48%
2217,Strata,666,773,830,804,158,-0.64%,14.02%,-11.24%,31.67%
2218,Total,660,780,1314,1001,56,4.02%,9.24%,3.70%,33.33%
2218,Non Strata,1400,1600,1720,1621,s,-2.44%,7.38%,-10.53%,54.55%
2218,Strata,652,730,787,732,39,7.35%,8.96%,11.43%,25.81%
2219,Total,840,1360,1885,1559,53,15.50%,23.92%,-17.19%,-1.85%
2219,Non Strata,1763,2575,3040,2447,s,4.04%,19.77%,5.56%,5.56%
2219,Strata,790,950,1358,1062,34,-5.33%,22.58%,-26.09%,-5.56%
2220,Total,650,750,869,870,188,2.04%,1.83%,22.88%,62.07%
2220,Non Strata,1517,1700,1990,1737,s,-19.05%,-6.34%,-25.71%,-23.53%
2220,Strata,646,731,813,731,162,8.70%,12.46%,37.29%,97.56%
2221,Total,830,1713,2400,1729,48,-7.43%,-5.60%,-21.31%,-11.11%
2221,Non Strata,1914,2350,2725,2419,s,-8.56%,4.44%,-35.14%,-33.33%
2221,Strata,726,829,1130,1039,s,-16.31%,-0.54%,0.00%,33.33%
2222,Total,555,674,1445,977,49,1.28%,22.57%,8.89%,16.67%
2222,Non Strata,1624,1823,2075,1838,s,7.84%,19.12%,7.69%,55.56%
2222,Strata,539,610,678,633,35,0.33%,14.45%,9.38%,6.06%
2223,Total,802,1330,1800,1389,81,50.71%,-5.61%,-17.35%,12.50%
2223,Non Strata,1527,1800,2256,1942,42,-8.16%,2.86%,16.67%,7.69%
2223,Strata,664,760,855,794,39,9.55%,-2.56%,-37.10%,18.18%
2224,Total,1365,1640,1880,1688,57,-7.92%,0.61%,3.64%,21.28%
2224,Non Strata,1629,1774,1903,1968,36,-5.63%,2.26%,-20.00%,0.00%
2224,Strata,745,1200,1401,1210,s,7.62%,23.71%,110.00%,90.91%
2225,Total,1525,1727,1980,1848,s,-4.19%,9.30%,-13.64%,46.15%
2225,Non Strata,1569,1751,1990,1869,s,-4.84%,5.80%,0.00%,100.00%
2225,Strata,-,-,-,-,-,-,-,-,-
2226,Total,1300,1420,1667,1436,51,-3.07%,-0.53%,18.60%,41.67%
2226,Non Strata,1347,1543,1705,1580,40,0.49%,3.18%,21.21%,33.33%
2226,Strata,760,850,893,911,s,-8.85%,-2.02%,10.00%,83.33%
2227,Total,900,1265,1710,1333,65,-17.96%,14.71%,0.00%,38.30%
2227,Non Strata,1600,1720,1975,1798,s,-9.71%,-3.85%,-23.68%,52.63%
2227,Strata,816,921,1128,958,36,-4.56%,12.32%,33.33%,28.57%
2228,Total,745,948,1702,1236,106,-13.86%,-11.86%,12.77%,-4.50%
2228,Non Strata,1686,1833,1995,1872,40,4.42%,12.08%,14.29%,2.56%
2228,Strata,701,780,881,851,66,2.63%,-6.59%,11.86%,-8.33%
2229,Total,820,1385,1950,1486,153,-7.23%,-20.97%,-7.83%,-0.65%
2229,Non Strata,1868,2180,2515,2233,59,2.59%,2.59%,-18.06%,-33.71%
2229,Strata,690,873,1318,1017,94,2.59%,-8.11%,0.00%,44.62%
2230,Total,838,1330,2730,2035,175,-5.00%,1.72%,12.18%,36.72%
2230,Non Strata,1970,2700,3328,2896,44,-10.00%,-3.74%,-8.33%,10.00%
2230,Strata,777,1020,1778,1746,131,-7.27%,1.49%,21.30%,48.86%
2231,Total,-,-,-,-,-,-,-,-,-
2231,Non Strata,-,-,-,-,-,-,-,-,-
2232,Total,711,1050,1488,1149,170,17.98%,-3.67%,5.59%,22.30%
2232,Non Strata,1410,1580,1838,1635,71,8.59%,5.33%,26.79%,14.52%
2232,Strata,670,737,906,801,99,-0.67%,-3.66%,-5.71%,28.57%
2233,Total,940,1290,1460,1205,105,7.54%,6.61%,-4.55%,31.25%
2233,Non Strata,1289,1400,1500,1393,71,11.11%,5.66%,-7.79%,31.48%
2233,Strata,693,811,925,814,34,-1.70%,0.75%,3.03%,30.77%
2234,Total,1052,1415,1678,1410,64,3.66%,4.81%,-14.67%,-4.48%
2234,Non Strata,1370,1613,1748,1602,46,6.12%,10.48%,-9.80%,-6.12%
2234,Strata,890,983,1032,920,s,-1.01%,8.56%,-25.00%,0.00%
2250,Total,654,800,960,846,319,2.14%,0.00%,4.93%,14.34%
2250,Non Strata,800,900,1113,982,192,0.00%,3.15%,-1.54%,17.07%
2250,Strata,550,630,685,642,127,6.78%,5.00%,16.51%,10.43%
2251,Total,941,1200,1428,1247,112,-10.45%,9.09%,4.67%,7.69%
2251,Non Strata,1075,1265,1515,1332,93,-4.89%,5.86%,-1.06%,3.33%
2251,Strata,725,800,835,832,s,-44.83%,11.11%,46.15%,35.71%
2256,Total,761,868,1200,1028,82,2.66%,-8.83%,20.59%,17.14%
2256,Non Strata,843,1030,1450,1159,57,4.30%,-3.74%,42.50%,9.62%
2256,Strata,660,740,790,729,s,12.98%,0.68%,-10.71%,38.89%
2257,Total,865,1040,1300,1177,132,-0.95%,6.39%,-10.20%,22.22%
2257,Non Strata,938,1100,1450,1313,88,-8.33%,-8.33%,-12.87%,23.94%
2257,Strata,714,858,1180,907,44,3.37%,7.25%,-4.35%,18.92%
2258,Total,675,788,925,892,s,-10.51%,-15.32%,-23.81%,-27.27%
2258,Non Strata,769,828,1075,988,s,-23.20%,-12.89%,-25.00%,-33.33%
2258,Strata,-,-,-,-,-,-,-,-,-
2259,Total,665,800,940,837,290,5.26%,0.00%,26.64%,28.89%
2259,Non Strata,700,814,950,856,270,1.75%,1.31%,34.33%,26.17%
2259,Strata,564,581,630,586,s,-0.26%,-3.17%,-28.57%,81.82%
2260,Total,1208,1418,1718,1524,106,3.12%,-6.18%,0.95%,-8.62%
2260,Non Strata,1339,1500,1881,1666,80,0.00%,-5.36%,9.59%,-11.11%
2260,Strata,850,976,1244,1086,s,-0.46%,-22.89%,-18.75%,0.00%
2261,Total,730,850,1016,906,284,-5.35%,-2.02%,21.37%,21.89%
2261,Non Strata,809,920,1143,1019,196,-5.15%,-4.76%,13.29%,13.29%
2261,Strata,520,637,778,655,88,-2.08%,4.77%,44.26%,46.67%
2262,Total,650,720,774,725,88,5.88%,0.28%,20.55%,0.00%
2262,Non Strata,652,720,774,726,87,5.49%,0.28%,20.83%,-1.14%
2262,Strata,-,-,-,-,-,-,-,-,-
2263,Total,630,703,776,719,100,-2.36%,0.43%,2.04%,-0.99%
2263,Non Strata,656,723,809,748,86,-3.28%,1.19%,0.00%,0.00%
2263,Strata,476,529,611,543,s,-1.46%,-4.74%,16.67%,-6.67%
2264,Total,700,768,1090,981,84,-6.97%,0.33%,29.23%,7.69%
2264,Non Strata,715,792,1105,1013,77,-4.58%,-4.45%,24.19%,14.93%
2264,Strata,-,-,-,-,-,-,-,-,-
2265,Total,773,845,1002,938,s,7.10%,-6.11%,-4.35%,-21.43%
2265,Non Strata,773,845,1002,938,s,7.10%,-6.11%,-4.35%,-21.43%
2267,Total,-,-,-,-,-,-,-,-,-
2267,Non Strata,-,-,-,-,-,-,-,-,-
2278,Total,-,-,-,-,-,-,-,-,-
2278,Non Strata,-,-,-,-,-,-,-,-,-
2280,Total,725,845,1053,922,92,6.83%,-1.74%,12.20%,-8.91%
2280,Non Strata,790,935,1110,988,73,13.68%,0.54%,4.29%,-12.05%
2280,Strata,607,628,725,667,s,-3.81%,-5.62%,58.33%,5.56%
2281,Total,733,1150,1298,1099,47,15.00%,20.17%,-4.08%,14.63%
2281,Non Strata,895,1176,1327,1162,40,12.01%,20.01%,-13.04%,2.56%
2281,Strata,-,-,-,-,-,-,-,-,-
2282,Total,810,907,1188,1015,59,6.71%,-11.94%,-9.23%,7.27%
2282,Non Strata,890,1050,1290,1122,41,0.00%,-2.87%,-4.65%,-2.38%
2282,Strata,684,785,870,773,s,15.87%,14.60%,-18.18%,38.46%
2283,Total,675,800,950,883,77,11.11%,10.73%,-7.23%,-33.62%
2283,Non Strata,708,824,1073,931,62,13.73%,12.11%,-20.51%,-38.61%
2283,Strata,590,650,760,685,s,8.34%,0.78%,200.00%,0.00%
2284,Total,780,884,1095,976,s,4.87%,3.94%,-16.67%,-30.23%
2284,Non Strata,779,929,1106,989,s,9.24%,9.11%,-20.00%,-33.33%
2284,Strata,-,-,-,-,-,-,-,-,-
2285,Total,679,755,865,769,139,5.37%,3.42%,12.10%,15.83%
2285,Non Strata,691,760,870,781,130,1.33%,0.33%,15.04%,27.45%
2285,Strata,-,-,-,-,-,-,-,-,-
2286,Total,653,735,810,715,s,-2.33%,12.30%,56.25%,108.33%
2286,Non Strata,653,735,810,715,s,-2.33%,12.30%,56.25%,108.33%
2287,Total,640,730,850,752,185,-1.55%,3.51%,15.63%,10.12%
2287,Non Strata,698,793,883,807,135,2.99%,5.73%,4.65%,2.27%
2287,Strata,536,613,654,606,50,0.41%,-3.16%,61.29%,38.89%
2289,Total,774,905,1014,923,82,4.62%,-1.09%,2.50%,10.81%
2289,Non Strata,843,978,1084,1013,54,6.19%,-0.76%,-12.90%,-8.47%
2289,Strata,647,693,910,750,s,-4.48%,6.54%,55.56%,86.67%
2290,Total,700,825,1100,903,144,-3.23%,1.85%,9.09%,0.00%
2290,Non Strata,770,888,1150,983,108,-1.66%,3.80%,3.85%,17.39%
2290,Strata,558,648,760,661,36,2.05%,-5.40%,28.57%,-30.77%
2291,Total,875,1600,2195,1810,49,-0.62%,23.08%,-5.77%,-3.92%
2291,Non Strata,1640,2000,2698,2322,31,1.27%,8.11%,-13.89%,-3.12%
2291,Strata,712,821,1082,929,s,-5.42%,0.92%,12.50%,-5.26%
2292,Total,-,-,-,-,-,-,-,-,-
2292,Non Strata,-,-,-,-,-,-,-,-,-
2293,Total,776,908,1119,990,s,-9.25%,22.64%,115.38%,33.33%
2293,Non Strata,857,966,1275,1082,s,-7.09%,-0.90%,140.00%,140.00%
2293,Strata,728,865,994,921,s,-4.95%,16.89%,100.00%,0.00%
2294,Total,-,-,-,-,-,-,-,-,-
2294,Non Strata,-,-,-,-,-,-,-,-,-
2294,Strata,-,-,-,-,-,-,-,-,-
2295,Total,865,953,1088,1026,s,-2.31%,-0.26%,-3.70%,-7.14%
2295,Non Strata,865,953,1088,1026,s,-2.31%,-0.26%,-3.70%,-7.14%
2296,Total,-,-,-,-,-,-,-,-,-
2296,Non Strata,-,-,-,-,-,-,-,-,-
2297,Total,-,-,-,-,-,-,-,-,-
2297,Non Strata,-,-,-,-,-,-,-,-,-
2298,Total,735,755,874,774,s,0.70%,-0.76%,-37.14%,-37.14%
2298,Non Strata,750,770,885,808,s,-1.28%,-3.75%,-37.04%,-41.38%
2298,Strata,-,-,-,-,-,-,-,-,-
2299,Total,669,801,935,818,58,6.80%,-1.72%,31.82%,34.88%
2299,Non Strata,730,829,990,879,49,7.66%,-4.44%,28.95%,36.11%
2299,Strata,-,-,-,-,-,-,-,-,-
2300,Total,663,893,1293,1027,80,2.59%,-1.92%,8.11%,-13.98%
2300,Non Strata,-,-,-,-,-,-,-,-,-
2300,Strata,650,815,1250,915,71,4.49%,-1.21%,14.52%,-6.58%
2302,Total,560,601,818,708,s,-12.90%,-17.67%,25.00%,15.38%
2302,Strata,560,601,818,708,s,-12.90%,-17.67%,25.00%,15.38%
2303,Total,810,1051,1700,1322,s,-22.12%,-15.89%,-9.37%,-3.33%
2303,Non Strata,890,1380,1963,1502,s,-2.13%,6.15%,-25.81%,-20.69%
2303,Strata,-,-,-,-,-,-,-,-,-
2304,Total,674,795,875,761,75,3.58%,3.25%,20.97%,8.70%
2304,Non Strata,730,825,880,807,57,-3.23%,3.13%,35.71%,-1.72%
2304,Strata,473,623,769,618,s,3.89%,2.11%,-10.00%,63.64%
2305,Total,740,963,1175,999,53,0.84%,-3.70%,-15.87%,-25.35%
2305,Non Strata,908,1118,1313,1124,40,1.59%,14.62%,-11.11%,-4.76%
2305,Strata,520,605,640,616,s,-6.20%,-92.04%,-27.78%,-55.17%
2306,Total,-,-,-,-,-,-,-,-,-
2306,Non Strata,-,-,-,-,-,-,-,-,-
2307,Total,575,680,735,677,s,7.09%,3.03%,0.00%,13.33%
2307,Non Strata,668,704,746,701,s,3.53%,5.86%,27.27%,7.69%
2307,Strata,-,-,-,-,-,-,-,-,-
2311,Total,-,-,-,-,-,-,-,-,-
2311,Non Strata,-,-,-,-,-,-,-,-,-
2312,Total,-,-,-,-,-,-,-,-,-
2312,Non Strata,-,-,-,-,-,-,-,-,-
2315,Total,708,884,1100,942,84,1.03%,-4.54%,-9.68%,-23.64%
2315,Non Strata,898,1063,1300,1120,48,10.68%,-4.71%,-15.79%,-14.29%
2315,Strata,590,690,813,705,36,-12.38%,10.31%,0.00%,-33.33%
2316,Total,940,968,1650,1308,s,-5.10%,-7.86%,120.00%,29.41%
2316,Non Strata,940,968,1650,1308,s,-5.10%,1.84%,120.00%,69.23%
2317,Total,653,1010,1316,1113,32,21.32%,29.49%,-20.00%,-8.57%
2317,Non Strata,1043,1240,1500,1419,s,44.19%,38.62%,-13.04%,-23.08%
2317,Strata,556,620,658,603,s,0.00%,-6.77%,-29.41%,33.33%
2318,Total,730,815,1050,905,41,-16.62%,11.64%,-18.00%,-22.64%
2318,Non Strata,730,815,1050,905,41,-16.62%,11.64%,-18.00%,-22.64%
2319,Total,604,708,826,727,32,6.79%,10.55%,3.23%,18.52%
2319,Non Strata,604,708,826,727,32,6.79%,10.55%,3.23%,18.52%
2320,Total,585,690,850,773,169,-2.82%,1.06%,13.42%,-10.11%
2320,Non Strata,625,729,874,819,144,-0.17%,4.11%,6.67%,-11.66%
2320,Strata,458,505,535,511,s,4.66%,4.12%,78.57%,0.00%
2321,Total,610,690,808,725,74,-4.17%,-0.14%,-16.85%,-5.13%
2321,Non Strata,649,713,821,739,68,-2.40%,1.42%,-15.00%,-5.56%
2321,Strata,-,-,-,-,-,-,-,-,-
2322,Total,611,735,884,755,78,-0.07%,9.63%,-22.77%,-24.27%
2322,Non Strata,612,745,883,756,72,-0.73%,3.40%,-19.10%,-19.10%
2322,Strata,-,-,-,-,-,-,-,-,-
2323,Total,584,680,824,731,108,0.00%,-1.45%,10.20%,-6.09%
2323,Non Strata,630,700,834,737,83,1.82%,-3.51%,7.79%,-11.70%
2323,Strata,440,565,650,711,s,5.61%,13.45%,19.05%,19.05%
2324,Total,573,665,835,718,113,0.45%,-0.75%,3.67%,0.00%
2324,Non Strata,583,670,848,731,95,-1.47%,-0.74%,2.15%,2.15%
2324,Strata,491,588,750,649,s,-5.77%,30.56%,12.50%,-10.00%
2325,Total,505,588,700,615,146,-0.84%,-2.08%,6.57%,7.35%
2325,Non Strata,512,600,725,624,136,0.00%,-1.23%,4.62%,7.94%
2325,Strata,-,-,-,-,-,-,-,-,-
2326,Total,490,600,695,604,s,0.84%,1.69%,25.00%,31.58%
2326,Non Strata,490,600,695,604,s,0.84%,1.69%,25.00%,31.58%
2327,Total,505,540,610,545,s,-4.42%,-6.90%,16.00%,-29.27%
2327,Non Strata,524,560,619,576,s,-2.61%,-5.08%,0.00%,-35.14%
2327,Strata,-,-,-,-,-,-,-,-,-
2328,Total,-,-,-,-,-,-,-,-,-
2328,Non Strata,-,-,-,-,-,-,-,-,-
2328,Strata,-,-,-,-,-,-,-,-,-
2329,Total,-,-,-,-,-,-,-,-,-
2329,Non Strata,-,-,-,-,-,-,-,-,-
2330,Total,525,620,850,700,69,-12.18%,-15.36%,-23.33%,-33.65%
2330,Non Strata,570,660,895,734,61,-8.71%,-13.16%,-15.28%,-34.41%
2330,Strata,-,-,-,-,-,-,-,-,-
2333,Total,365,437,534,473,86,-2.89%,-2.35%,-2.27%,-31.75%
2333,Non Strata,390,484,535,472,65,2.43%,4.99%,-12.16%,-40.37%
2333,Strata,265,330,457,473,s,2.01%,8.20%,50.00%,23.53%
2334,Total,525,600,636,595,s,-0.41%,-20.53%,100.00%,46.67%
2334,Non Strata,525,600,636,595,s,-0.41%,-20.53%,100.00%,46.67%
2335,Total,621,685,820,804,s,-1.08%,-2.14%,-11.76%,-25.00%
2335,Non Strata,630,698,855,831,s,-0.71%,-0.36%,-12.50%,-26.32%
2335,Strata,-,-,-,-,-,-,-,-,-
2336,Total,-,-,-,-,-,-,-,-,-
2336,Non Strata,-,-,-,-,-,-,-,-,-
2337,Total,410,466,645,536,37,-22.33%,2.87%,0.00%,0.00%
2337,Non Strata,414,485,648,566,32,-19.17%,2.32%,-11.11%,-11.11%
2337,Strata,-,-,-,-,-,-,-,-,-
2338,Total,-,-,-,-,-,-,-,-,-
2338,Non Strata,-,-,-,-,-,-,-,-,-
2340,Total,395,505,676,547,224,3.06%,13.10%,-10.76%,-13.85%
2340,Non Strata,410,515,679,554,206,3.00%,11.71%,-13.45%,-14.88%
2340,Strata,310,344,424,473,s,1.18%,4.88%,38.46%,0.00%
2341,Total,-,-,-,-,-,-,-,-,-
2341,Non Strata,-,-,-,-,-,-,-,-,-
2343,Total,258,280,335,298,s,-14.50%,-6.67%,-17.86%,-17.86%
2343,Non Strata,258,280,335,298,s,-15.41%,-6.67%,-11.54%,-17.86%
2344,Total,-,-,-,-,-,-,-,-,-
2344,Non Strata,-,-,-,-,-,-,-,-,-
2345,Total,-,-,-,-,-,-,-,-,-
2345,Non Strata,-,-,-,-,-,-,-,-,-
2346,Total,285,303,350,325,s,15.68%,-5.47%,75.00%,7.69%
2346,Non Strata,285,303,350,325,s,15.68%,-5.47%,75.00%,7.69%
2347,Total,-,-,-,-,-,-,-,-,-
2347,Non Strata,-,-,-,-,-,-,-,-,-
2350,Total,400,485,579,496,130,-1.52%,-7.62%,6.56%,-13.91%
2350,Non Strata,415,505,615,527,113,-5.59%,-6.48%,6.60%,-17.52%
2350,Strata,165,288,421,285,s,4.55%,-8.73%,6.25%,21.43%
2352,Total,-,-,-,-,-,-,-,-,-
2352,Non Strata,-,-,-,-,-,-,-,-,-
2353,Total,-,-,-,-,-,-,-,-,-
2353,Non Strata,-,-,-,-,-,-,-,-,-
2354,Total,-,-,-,-,-,-,-,-,-
2354,Non Strata,-,-,-,-,-,-,-,-,-
2355,Total,-,-,-,-,-,-,-,-,-
2355,Non Strata,-,-,-,-,-,-,-,-,-
2357,Total,210,310,438,323,s,25.00%,15.67%,25.00%,-34.78%
2357,Non Strata,210,310,438,323,s,25.00%,15.67%,25.00%,-34.78%
2358,Total,389,455,558,490,s,-13.33%,-1.62%,-34.78%,-16.67%
2358,Non Strata,389,455,558,490,s,-13.33%,-1.62%,-34.78%,-16.67%
2359,Total,-,-,-,-,-,-,-,-,-
2359,Non Strata,-,-,-,-,-,-,-,-,-
2360,Total,316,393,508,429,58,1.95%,7.31%,-1.69%,-12.12%
2360,Non Strata,316,393,508,429,58,1.95%,7.31%,-1.69%,-12.12%
2365,Total,240,300,350,349,s,-20.42%,-10.45%,21.43%,41.67%
2365,Non Strata,251,320,358,357,s,-15.12%,-4.48%,14.29%,33.33%
2365,Strata,-,-,-,-,-,-,-,-,-
2369,Total,-,-,-,-,-,-,-,-,-
2369,Non Strata,-,-,-,-,-,-,-,-,-
2370,Total,260,340,385,333,s,-8.72%,-8.11%,-21.87%,-35.90%
2370,Non Strata,260,340,385,333,s,-8.72%,-8.11%,-21.87%,-35.90%
2371,Total,-,-,-,-,-,-,-,-,-
2371,Non Strata,-,-,-,-,-,-,-,-,-
2372,Total,379,470,620,501,s,2.17%,17.50%,33.33%,-25.93%
2372,Non Strata,379,470,620,501,s,2.17%,17.50%,33.33%,-25.93%
2380,Total,380,505,620,516,53,7.78%,29.49%,8.16%,-27.40%
2380,Non Strata,399,513,623,519,52,8.63%,28.13%,8.33%,-24.64%
2380,Strata,-,-,-,-,-,-,-,-,-
2381,Total,-,-,-,-,-,-,-,-,-
2381,Non Strata,-,-,-,-,-,-,-,-,-
2382,Total,-,-,-,-,-,-,-,-,-
2382,Non Strata,-,-,-,-,-,-,-,-,-
2388,Total,185,275,397,277,s,17.02%,14.58%,0.00%,63.64%
2388,Non Strata,185,275,397,277,s,17.02%,14.58%,0.00%,63.64%
2390,Total,430,480,761,572,s,23.08%,28.00%,-31.43%,-36.84%
2390,Non Strata,430,480,761,572,s,23.08%,18.15%,-31.43%,-29.41%
2395,Total,-,-,-,-,-,-,-,-,-
2395,Non Strata,-,-,-,-,-,-,-,-,-
2400,Total,179,290,405,309,51,3.57%,30.63%,37.84%,-21.54%
2400,Non Strata,205,330,418,323,46,15.79%,46.67%,27.78%,-26.98%
2400,Strata,-,-,-,-,-,-,-,-,-
2402,Total,227,300,345,287,s,-25.00%,14.29%,37.50%,-38.89%
2402,Non Strata,227,300,345,287,s,-25.00%,14.29%,37.50%,-38.89%
2404,Total,-,-,-,-,-,-,-,-,-
2404,Non Strata,-,-,-,-,-,-,-,-,-
2409,Total,-,-,-,-,-,-,-,-,-
2409,Non Strata,-,-,-,-,-,-,-,-,-
2420,Total,483,682,867,698,s,-38.74%,15.02%,28.57%,0.00%
2420,Non Strata,483,682,867,698,s,-38.74%,15.02%,28.57%,0.00%
2421,Total,-,-,-,-,-,-,-,-,-
2421,Non Strata,-,-,-,-,-,-,-,-,-
2422,Total,485,555,885,728,s,1.19%,6.22%,-44.12%,5.56%
2422,Non Strata,485,555,885,728,s,1.19%,6.22%,-44.12%,5.56%
2423,Total,520,600,778,723,s,-27.71%,-28.14%,50.00%,-31.82%
2423,Non Strata,520,600,778,723,s,-27.71%,-28.14%,50.00%,-31.82%
2425,Total,-,-,-,-,-,-,-,-,-
2425,Non Strata,-,-,-,-,-,-,-,-,-
2427,Total,671,745,868,743,s,12.29%,-7.97%,-28.00%,-18.18%
2427,Non Strata,671,745,868,743,s,4.13%,-7.97%,-14.29%,-18.18%
2428,Total,580,700,878,751,129,-1.41%,1.08%,-13.42%,-2.27%
2428,Non Strata,686,788,966,838,82,-4.55%,6.13%,-7.87%,3.80%
2428,Strata,510,587,661,600,47,4.36%,-3.45%,-21.67%,-11.32%
2429,Total,420,515,756,592,38,-7.62%,-33.76%,5.56%,26.67%
2429,Non Strata,420,518,792,602,36,-7.17%,-33.44%,0.00%,20.00%
2429,Strata,-,-,-,-,-,-,-,-,-
2430,Total,466,600,814,648,146,8.30%,1.69%,4.29%,3.55%
2430,Non Strata,491,633,840,678,126,9.33%,2.02%,3.28%,5.88%
2430,Strata,375,408,520,458,s,-12.60%,-14.21%,11.11%,-9.09%
2431,Total,538,685,855,724,s,-9.87%,-7.12%,0.00%,3.85%
2431,Non Strata,610,800,938,783,s,0.31%,3.90%,5.56%,5.56%
2431,Strata,-,-,-,-,-,-,-,-,-
2439,Total,706,855,921,859,s,16.73%,2.34%,20.00%,71.43%
2439,Non Strata,706,855,921,859,s,16.73%,2.34%,20.00%,71.43%
2440,Total,448,555,731,605,68,10.90%,13.16%,-9.33%,-12.82%
2440,Non Strata,451,555,740,611,64,10.90%,13.16%,-9.86%,-13.51%
2440,Strata,-,-,-,-,-,-,-,-,-
2441,Total,453,660,1031,744,s,-9.59%,-15.38%,77.78%,45.45%
2441,Non Strata,453,660,1031,744,s,-9.59%,-15.38%,77.78%,45.45%
2443,Total,542,745,819,689,s,6.43%,4.78%,-36.17%,-3.23%
2443,Non Strata,650,765,840,735,s,2.68%,4.79%,-32.43%,-13.79%
2443,Strata,-,-,-,-,-,-,-,-,-
2444,Total,628,775,910,783,209,5.44%,-1.27%,-1.88%,-19.92%
2444,Non Strata,760,840,950,869,137,0.60%,-1.52%,1.48%,-17.96%
2444,Strata,491,560,665,620,72,-3.86%,-6.67%,-7.69%,-23.40%
2445,Total,750,860,940,862,s,-8.19%,-14.21%,-39.29%,-22.73%
2445,Non Strata,750,860,940,862,s,-8.44%,-20.19%,-22.73%,-15.00%
2446,Total,570,700,948,802,53,-14.89%,8.70%,-11.67%,6.00%
2446,Non Strata,570,700,948,802,53,-16.17%,7.53%,-8.62%,10.42%
2447,Total,600,800,920,796,36,14.29%,39.74%,100.00%,100.00%
2447,Non Strata,600,800,920,796,36,14.29%,39.74%,100.00%,100.00%
2448,Total,644,700,836,730,s,13.18%,6.71%,-15.62%,-10.00%
2448,Non Strata,647,701,843,742,s,1.89%,5.18%,0.00%,-7.14%
2448,Strata,-,-,-,-,-,-,-,-,-
2449,Total,380,415,490,500,s,-14.43%,-10.37%,116.67%,160.00%
2449,Non Strata,380,415,490,500,s,-14.43%,-10.37%,116.67%,160.00%
2450,Total,580,733,930,827,196,-0.34%,-2.33%,16.67%,24.84%
2450,Non Strata,679,768,1006,860,120,-5.25%,-12.03%,12.15%,13.21%
2450,Strata,490,571,798,774,76,4.77%,14.43%,24.59%,49.02%
2452,Total,676,765,884,806,62,0.33%,5.12%,24.00%,24.00%
2452,Non Strata,707,783,886,818,52,-0.45%,-1.20%,30.00%,44.44%
2452,Strata,-,-,-,-,-,-,-,-,-
2453,Total,-,-,-,-,-,-,-,-,-
2453,Non Strata,-,-,-,-,-,-,-,-,-
2454,Total,754,938,1073,981,s,-3.85%,-0.90%,-48.57%,63.64%
2454,Non Strata,754,938,1073,981,s,-3.85%,-0.90%,-48.57%,63.64%
2455,Total,-,-,-,-,-,-,-,-,-
2455,Non Strata,-,-,-,-,-,-,-,-,-
2456,Total,830,890,970,958,61,2.30%,9.54%,38.64%,12.96%
2456,Non Strata,833,890,975,963,59,1.71%,4.71%,37.21%,25.53%
2456,Strata,-,-,-,-,-,-,-,-,-
2460,Total,440,518,662,546,114,6.70%,10.11%,21.28%,-13.64%
2460,Non Strata,450,546,680,557,104,11.90%,14.84%,13.04%,-18.11%
2460,Strata,-,-,-,-,-,-,-,-,-
2462,Total,-,-,-,-,-,-,-,-,-
2462,Non Strata,-,-,-,-,-,-,-,-,-
2463,Total,658,748,885,783,32,-16.94%,-6.56%,28.00%,10.34%
2463,Non Strata,658,748,885,783,32,-16.94%,-6.68%,28.00%,14.29%
2464,Total,670,750,1118,896,43,-6.83%,-25.00%,-6.52%,22.86%
2464,Non Strata,716,863,1144,998,s,-3.09%,-13.10%,0.00%,0.00%
2464,Strata,580,640,725,661,s,1.19%,-37.25%,-18.75%,160.00%
2466,Total,-,-,-,-,-,-,-,-,-
2466,Non Strata,-,-,-,-,-,-,-,-,-
2469,Total,259,400,533,420,s,-17.86%,-17.18%,28.57%,38.46%
2469,Non Strata,259,400,533,420,s,-17.86%,-17.18%,28.57%,38.46%
2470,Total,399,449,576,463,44,5.03%,-5.47%,-12.00%,-16.98%
2470,Non Strata,410,453,584,479,38,5.23%,-6.51%,-15.56%,-24.00%
2470,Strata,-,-,-,-,-,-,-,-,-
2471,Total,-,-,-,-,-,-,-,-,-
2471,Non Strata,-,-,-,-,-,-,-,-,-
2472,Total,-,-,-,-,-,-,-,-,-
2472,Non Strata,-,-,-,-,-,-,-,-,-
2473,Total,-,-,-,-,-,-,-,-,-
2473,Non Strata,-,-,-,-,-,-,-,-,-
2474,Total,422,478,551,485,s,-19.07%,-11.57%,11.11%,-20.00%
2474,Non Strata,422,478,551,485,s,-19.07%,-11.57%,11.11%,-20.00%
2475,Total,-,-,-,-,-,-,-,-,-
2475,Non Strata,-,-,-,-,-,-,-,-,-
2477,Total,737,870,1030,961,46,6.75%,8.75%,4.55%,2.22%
2477,Non Strata,818,941,1120,1060,36,9.74%,8.16%,5.88%,2.86%
2477,Strata,-,-,-,-,-,-,-,-,-
2478,Total,770,920,1218,1012,127,-3.16%,-18.94%,3.25%,8.55%
2478,Non Strata,855,1007,1348,1128,71,-15.38%,-26.36%,-1.39%,10.94%
2478,Strata,664,800,1000,866,56,-3.61%,-5.88%,9.80%,5.66%
2479,Total,-,-,-,-,-,-,-,-,-
2479,Non Strata,-,-,-,-,-,-,-,-,-
2479,Strata,-,-,-,-,-,-,-,-,-
2480,Total,300,470,666,510,295,-1.05%,-21.67%,32.29%,76.65%
2480,Non Strata,288,475,705,516,267,-4.04%,-27.48%,28.37%,88.03%
2480,Strata,373,422,537,449,s,6.90%,-14.61%,86.67%,12.00%
2481,Total,1280,1695,2647,2093,56,5.94%,-20.79%,51.35%,30.23%
2481,Non Strata,1650,2325,2800,2422,s,25.68%,-11.85%,28.57%,3.85%
2481,Strata,969,1395,1750,1786,s,25.68%,-19.13%,81.25%,70.59%
2482,Total,946,1075,1215,1168,s,-2.27%,-10.42%,-37.93%,-10.00%
2482,Non Strata,946,1075,1215,1168,s,-2.27%,-15.69%,-37.93%,0.00%
2483,Total,920,1100,1360,1198,53,-8.33%,7.84%,35.90%,96.30%
2483,Non Strata,990,1200,1685,1332,37,-3.81%,7.14%,2.78%,85.00%
2483,Strata,784,891,1068,888,s,6.07%,11.38%,433.33%,128.57%
2484,Total,700,789,996,904,94,-1.90%,5.17%,9.30%,59.32%
2484,Non Strata,703,800,1004,925,90,-3.61%,4.85%,16.88%,63.64%
2484,Strata,-,-,-,-,-,-,-,-,-
2485,Total,594,800,1050,892,121,-0.93%,19.40%,47.56%,27.37%
2485,Non Strata,880,996,1150,1067,s,-5.82%,-3.54%,-25.00%,16.67%
2485,Strata,582,763,951,855,100,10.83%,20.08%,85.19%,29.87%
2486,Total,710,888,1075,921,160,6.68%,9.65%,15.94%,0.63%
2486,Non Strata,865,965,1170,1051,111,4.32%,1.98%,23.33%,8.82%
2486,Strata,557,635,695,625,49,0.20%,1.60%,2.08%,-14.04%
2487,Total,973,1430,1838,1524,87,9.58%,16.73%,12.99%,12.99%
2487,Non Strata,1650,1810,2240,1977,49,-9.50%,-10.51%,40.00%,36.11%
2487,Strata,676,857,1199,940,38,2.58%,-2.67%,-9.52%,-7.32%
2488,Total,671,982,1433,1049,s,12.17%,73.72%,6.67%,-65.96%
2488,Non Strata,-,-,-,-,-,-,-,-,-
2488,Strata,-,-,-,-,-,-,-,-,-
2489,Total,865,998,1228,1068,36,-12.50%,-18.57%,16.13%,71.43%
2489,Non Strata,1046,1211,1354,1240,s,-3.16%,-8.98%,5.88%,20.00%
2489,Strata,830,865,930,897,s,-4.95%,-1.14%,28.57%,200.00%
2490,Total,-,-,-,-,-,-,-,-,-
2490,Non Strata,-,-,-,-,-,-,-,-,-
2500,Total,650,800,973,865,194,0.00%,8.62%,-1.02%,-3.00%
2500,Non Strata,895,1025,1305,1120,65,-16.33%,-1.91%,32.65%,12.07%
2500,Strata,590,720,825,736,129,1.41%,10.34%,-12.24%,-9.15%
2502,Total,705,734,783,749,34,-2.85%,-5.96%,-12.82%,-8.11%
2502,Non Strata,705,735,785,757,33,-4.39%,-9.26%,-8.33%,0.00%
2502,Strata,-,-,-,-,-,-,-,-,-
2505,Total,720,801,990,939,s,-0.93%,-6.92%,111.11%,58.33%
2505,Non Strata,740,880,1000,994,s,0.00%,-1.18%,142.86%,70.00%
2505,Strata,-,-,-,-,-,-,-,-,-
2506,Total,700,725,799,757,s,-2.03%,0.00%,10.53%,0.00%
2506,Non Strata,700,725,799,757,s,-2.03%,0.00%,10.53%,0.00%
2508,Total,1013,1205,1415,1229,s,2.99%,-4.74%,0.00%,-28.95%
2508,Non Strata,1107,1300,1592,1327,s,8.33%,0.00%,-8.70%,-32.26%
2508,Strata,-,-,-,-,-,-,-,-,-
2515,Total,1405,1715,2150,1759,39,-2.00%,5.70%,34.48%,-2.50%
2515,Non Strata,1655,1940,2350,1978,s,-9.77%,4.30%,66.67%,11.11%
2515,Strata,-,-,-,-,-,-,-,-,-
2516,Total,1254,1325,1900,1542,s,-11.67%,-11.07%,-14.29%,5.88%
2516,Non Strata,1250,1350,1950,1558,s,-18.72%,-11.18%,0.00%,6.25%
2516,Strata,-,-,-,-,-,-,-,-,-
2517,Total,790,1200,1420,1164,53,4.35%,17.65%,8.16%,43.24%
2517,Non Strata,1196,1350,1578,1390,36,-5.59%,0.00%,16.13%,71.43%
2517,Strata,590,650,750,684,s,-15.31%,-13.62%,-5.56%,6.25%
2518,Total,718,871,1242,977,72,-7.09%,-2.13%,-10.00%,16.13%
2518,Non Strata,1100,1244,1350,1233,36,6.76%,11.05%,-26.53%,24.14%
2518,Strata,660,718,791,721,36,10.08%,-5.62%,16.13%,9.09%
2519,Total,835,1000,1245,1052,55,5.26%,-5.39%,17.02%,-12.70%
2519,Non Strata,970,1113,1336,1184,s,5.95%,-3.26%,15.38%,-26.83%
2519,Strata,700,815,1000,893,s,1.62%,4.49%,19.05%,13.64%
2525,Total,868,930,1065,958,32,-9.71%,-2.11%,33.33%,39.13%
2525,Non Strata,885,975,1080,984,s,-5.34%,1.01%,20.83%,45.00%
2525,Strata,-,-,-,-,-,-,-,-,-
2526,Total,801,860,944,912,46,-9.85%,-7.53%,21.05%,48.39%
2526,Non Strata,827,870,975,931,41,-9.84%,-3.87%,10.81%,46.43%
2526,Strata,-,-,-,-,-,-,-,-,-
2527,Total,700,780,948,831,103,-2.50%,-10.34%,0.00%,-4.63%
2527,Non Strata,775,854,1020,900,69,1.24%,-5.11%,-12.66%,-23.33%
2527,Strata,644,698,722,691,34,3.99%,5.76%,41.67%,88.89%
2528,Total,680,772,865,837,76,0.52%,2.87%,-9.52%,-1.30%
2528,Non Strata,713,797,888,900,52,-0.38%,4.18%,-20.00%,-17.46%
2528,Strata,593,743,830,700,s,14.23%,22.47%,26.32%,71.43%
2529,Total,830,962,1200,1037,114,3.39%,-2.88%,22.58%,6.54%
2529,Non Strata,915,1077,1257,1127,85,-3.97%,-2.14%,32.81%,8.97%
2529,Strata,710,770,825,773,s,4.76%,8.45%,0.00%,0.00%
2530,Total,690,767,865,805,125,-1.03%,-4.01%,15.74%,-3.10%
2530,Non Strata,717,787,886,834,108,-0.54%,-2.24%,14.89%,-2.70%
2530,Strata,480,650,720,617,s,-9.28%,0.00%,21.43%,-5.56%
2533,Total,890,1125,1665,1328,73,-4.66%,-13.13%,15.87%,5.80%
2533,Non Strata,1131,1400,1936,1602,46,9.38%,-6.04%,6.98%,9.52%
2533,Strata,720,850,962,861,s,-4.49%,-3.95%,35.00%,0.00%
2534,Total,1225,1610,2071,1673,s,4.04%,-14.69%,-16.67%,5.26%
2534,Non Strata,1243,1670,2093,1708,s,7.92%,-13.02%,-20.83%,5.56%
2534,Strata,-,-,-,-,-,-,-,-,-
2535,Total,850,1300,2080,1646,s,20.90%,-10.34%,-39.29%,-10.53%
2535,Non Strata,906,1300,2223,1704,s,16.20%,-10.34%,-38.46%,-5.88%
2535,Strata,-,-,-,-,-,-,-,-,-
2536,Total,600,708,883,748,108,-6.29%,-14.24%,6.93%,0.93%
2536,Non Strata,646,775,916,808,80,-6.12%,-11.18%,12.68%,-5.88%
2536,Strata,481,580,676,578,s,-3.49%,-7.57%,-6.67%,27.27%
2537,Total,745,840,1050,909,52,-3.45%,-5.08%,-5.45%,-1.89%
2537,Non Strata,749,840,1050,915,51,-8.20%,-16.00%,0.00%,8.51%
2537,Strata,-,-,-,-,-,-,-,-,-
2538,Total,-,-,-,-,-,-,-,-,-
2538,Non Strata,-,-,-,-,-,-,-,-,-
2539,Total,785,911,1204,1014,86,2.36%,3.52%,19.44%,-3.37%
2539,Non Strata,810,950,1245,1056,73,4.97%,2.70%,7.35%,-1.35%
2539,Strata,735,770,820,779,s,3.70%,4.05%,225.00%,-13.33%
2540,Total,686,813,1014,886,214,4.30%,-3.27%,0.00%,1.42%
2540,Non Strata,695,830,1028,899,203,4.47%,-2.92%,3.57%,2.01%
2540,Strata,580,620,713,657,s,4.64%,-8.15%,-38.89%,-8.33%
2541,Total,590,670,763,681,135,-0.74%,-2.19%,23.85%,28.57%
2541,Non Strata,606,693,777,700,122,1.84%,-3.15%,35.56%,37.08%
2541,Strata,465,470,525,501,s,-20.34%,11.90%,-31.58%,-18.75%
2545,Total,-,-,-,-,-,-,-,-,-
2545,Non Strata,-,-,-,-,-,-,-,-,-
2546,Total,650,760,970,858,45,-3.80%,-5.00%,-6.25%,25.00%
2546,Non Strata,751,850,1136,977,32,3.53%,0.65%,-11.11%,14.29%
2546,Strata,420,566,750,565,s,-20.17%,16.70%,8.33%,62.50%
2548,Total,639,799,1027,852,43,-4.60%,0.03%,-2.27%,-21.82%
2548,Non Strata,786,948,1168,986,s,0.80%,-5.42%,8.33%,-25.71%
2548,Strata,535,590,770,647,s,11.32%,18.00%,-15.00%,-15.00%
2549,Total,733,981,1277,1007,s,35.24%,17.07%,-14.29%,0.00%
2549,Non Strata,898,1050,1293,1099,s,28.05%,23.53%,-11.76%,-11.76%
2549,Strata,-,-,-,-,-,-,-,-,-
2550,Total,578,690,886,774,60,-2.82%,4.55%,13.21%,-16.67%
2550,Non Strata,578,690,886,774,60,-2.82%,4.15%,17.65%,-11.76%
2551,Total,-,-,-,-,-,-,-,-,-
2551,Non Strata,-,-,-,-,-,-,-,-,-
2556,Total,-,-,-,-,-,-,-,-,-
2556,Non Strata,-,-,-,-,-,-,-,-,-
2557,Total,940,999,1172,1098,79,-1.09%,-11.20%,8.22%,25.40%
2557,Non Strata,940,1020,1239,1118,72,-0.54%,-9.38%,14.29%,28.57%
2557,Strata,-,-,-,-,-,-,-,-,-
2558,Total,770,815,889,830,s,1.88%,0.00%,-4.00%,-41.46%
2558,Non Strata,770,815,889,830,s,1.88%,-0.31%,-4.00%,-38.46%
2560,Total,579,759,847,722,364,2.57%,6.79%,30.47%,23.81%
2560,Non Strata,730,790,878,790,273,-0.44%,5.33%,40.72%,32.52%
2560,Strata,456,510,589,517,91,0.00%,2.10%,7.06%,3.41%
2563,Total,-,-,-,-,-,-,-,-,-
2563,Non Strata,-,-,-,-,-,-,-,-,-
2564,Total,655,770,858,758,37,-3.14%,-0.32%,37.04%,-2.63%
2564,Non Strata,749,820,869,817,s,-4.21%,-3.24%,33.33%,27.27%
2564,Strata,-,-,-,-,-,-,-,-,-
2565,Total,720,860,980,871,101,1.59%,-1.71%,7.45%,12.22%
2565,Non Strata,830,915,1044,960,74,3.39%,0.83%,-2.63%,2.78%
2565,Strata,573,610,665,628,s,9.71%,16.75%,50.00%,50.00%
2566,Total,790,856,960,1001,100,-0.52%,5.94%,31.58%,42.86%
2566,Non Strata,800,850,910,860,69,-2.86%,1.49%,0.00%,15.00%
2566,Strata,582,1845,1845,1314,31,207.50%,278.07%,342.86%,210.00%
2567,Total,868,1010,1160,1037,110,-4.65%,8.60%,0.00%,-17.29%
2567,Non Strata,880,1035,1170,1051,105,-2.59%,9.52%,-2.78%,-16.67%
2567,Strata,-,-,-,-,-,-,-,-,-
2568,Total,-,-,-,-,-,-,-,-,-
2568,Non Strata,-,-,-,-,-,-,-,-,-
2569,Total,-,-,-,-,-,-,-,-,-
2569,Non Strata,-,-,-,-,-,-,-,-,-
2570,Total,895,1011,1210,1089,221,-3.71%,-0.88%,-2.64%,-2.21%
2570,Non Strata,911,1035,1235,1117,207,-3.27%,-1.43%,-2.82%,-3.72%
2570,Strata,538,645,808,674,s,-6.18%,-7.86%,0.00%,27.27%
2571,Total,910,1033,1367,1170,50,0.73%,3.25%,-16.67%,35.14%
2571,Non Strata,938,1050,1385,1211,45,0.00%,5.00%,-21.05%,21.62%
2571,Strata,-,-,-,-,-,-,-,-,-
2572,Total,-,-,-,-,-,-,-,-,-
2572,Non Strata,-,-,-,-,-,-,-,-,-
2573,Total,700,768,860,754,s,-4.06%,-8.08%,35.00%,-18.18%
2573,Non Strata,701,769,870,763,s,-7.46%,-7.93%,44.44%,-21.21%
2573,Strata,-,-,-,-,-,-,-,-,-
2574,Total,817,990,1458,1155,s,1.02%,8.49%,-11.76%,50.00%
2574,Non Strata,817,990,1458,1155,s,-6.16%,8.49%,0.00%,50.00%
2575,Total,820,1000,1330,1161,61,-1.57%,7.53%,-25.61%,-11.59%
2575,Non Strata,823,1020,1476,1180,58,-3.32%,6.53%,-24.68%,-12.12%
2575,Strata,-,-,-,-,-,-,-,-,-
2576,Total,1156,1580,2105,1726,62,8.59%,-21.00%,-13.89%,26.53%
2576,Non Strata,1363,1680,2290,1869,51,-0.30%,-21.40%,-10.53%,21.43%
2576,Strata,873,970,1225,1063,s,7.78%,-9.77%,-26.67%,57.14%
2577,Total,859,1108,1648,1370,78,-3.70%,-7.71%,13.04%,13.04%
2577,Non Strata,850,1115,1650,1374,77,-3.88%,-12.55%,13.24%,24.19%
2577,Strata,-,-,-,-,-,-,-,-,-
2578,Total,958,1135,1388,1303,s,26.11%,-5.42%,-26.67%,0.00%
2578,Non Strata,958,1135,1388,1303,s,26.11%,-5.42%,-26.67%,0.00%
2579,Total,923,1100,1330,1185,s,-3.72%,5.01%,-5.00%,5.56%
2579,Non Strata,923,1100,1330,1185,s,-3.72%,5.01%,-5.00%,5.56%
2580,Total,540,630,775,693,137,0.80%,1.20%,-3.52%,-6.16%
2580,Non Strata,546,655,798,708,123,0.77%,4.80%,-4.65%,-8.89%
2580,Strata,400,549,578,567,s,23.26%,-2.92%,7.69%,27.27%
2581,Total,-,-,-,-,-,-,-,-,-
2581,Non Strata,-,-,-,-,-,-,-,-,-
2582,Total,673,960,1190,988,43,27.49%,12.61%,-2.27%,13.16%
2582,Non Strata,673,960,1190,988,43,27.49%,12.61%,-2.27%,13.16%
2583,Total,424,510,646,655,s,-1.92%,-10.92%,22.22%,37.50%
2583,Non Strata,424,510,646,655,s,-1.92%,-10.92%,22.22%,37.50%
2586,Total,-,-,-,-,-,-,-,-,-
2586,Non Strata,-,-,-,-,-,-,-,-,-
2587,Total,-,-,-,-,-,-,-,-,-
2587,Non Strata,-,-,-,-,-,-,-,-,-
2590,Total,373,406,484,432,34,0.25%,8.99%,36.00%,-5.56%
2590,Non Strata,373,406,484,432,34,0.25%,8.99%,36.00%,-5.56%
2594,Total,354,465,550,479,48,-7.00%,0.65%,20.00%,-35.14%
2594,Non Strata,365,470,550,482,47,-10.31%,10.59%,30.56%,-17.54%
2594,Strata,-,-,-,-,-,-,-,-,-
2619,Total,885,991,1248,1098,s,3.23%,-4.25%,-28.95%,-10.00%
2619,Non Strata,938,1050,1310,1151,s,5.00%,-11.58%,-25.81%,4.55%
2619,Strata,-,-,-,-,-,-,-,-,-
2620,Total,499,665,858,702,190,-7.32%,-0.37%,0.53%,2.15%
2620,Non Strata,713,801,959,842,120,-3.57%,-11.06%,0.00%,11.11%
2620,Strata,357,489,584,463,70,1.82%,21.43%,1.45%,-10.26%
2621,Total,1026,1053,1154,1088,s,-1.41%,-4.32%,-23.08%,-13.04%
2621,Non Strata,1026,1053,1154,1088,s,-1.41%,-4.32%,-23.08%,-13.04%
2622,Total,556,668,858,640,s,-18.10%,-4.64%,50.00%,20.00%
2622,Non Strata,556,668,858,640,s,-18.10%,-4.64%,50.00%,20.00%
2623,Total,-,-,-,-,-,-,-,-,-
2623,Non Strata,-,-,-,-,-,-,-,-,-
2627,Total,770,1080,1350,1110,s,17.39%,-8.09%,-6.45%,-14.71%
2627,Non Strata,1058,1260,1508,1331,s,-11.27%,-26.59%,-6.67%,-12.50%
2627,Strata,528,895,1238,904,s,6.87%,13.15%,-6.25%,-16.67%
2628,Total,-,-,-,-,-,-,-,-,-
2628,Non Strata,-,-,-,-,-,-,-,-,-
2629,Total,-,-,-,-,-,-,-,-,-
2629,Non Strata,-,-,-,-,-,-,-,-,-
2630,Total,395,483,619,524,40,-16.45%,-12.87%,-13.04%,-9.09%
2630,Non Strata,395,483,619,524,40,-16.45%,-12.87%,-13.04%,-9.09%
2631,Total,-,-,-,-,-,-,-,-,-
2631,Non Strata,-,-,-,-,-,-,-,-,-
2632,Total,-,-,-,-,-,-,-,-,-
2632,Non Strata,-,-,-,-,-,-,-,-,-
2633,Total,-,-,-,-,-,-,-,-,-
2633,Non Strata,-,-,-,-,-,-,-,-,-
2640,Total,428,568,694,588,152,-0.35%,11.37%,-13.14%,-8.98%
2640,Non Strata,478,600,720,635,124,-0.83%,5.82%,-14.48%,-9.49%
2640,Strata,274,361,419,381,s,6.25%,15.97%,-6.67%,-6.67%
2641,Total,343,452,545,472,70,3.91%,5.85%,0.00%,-23.08%
2641,Non Strata,447,490,640,539,51,7.69%,4.26%,0.00%,-30.14%
2641,Strata,270,297,321,292,s,-9.31%,19.52%,0.00%,5.56%
2642,Total,-,-,-,-,-,-,-,-,-
2642,Non Strata,-,-,-,-,-,-,-,-,-
2643,Total,437,500,555,504,s,16.28%,8.70%,18.75%,72.73%
2643,Non Strata,465,500,560,520,s,8.11%,8.70%,21.43%,54.55%
2643,Strata,-,-,-,-,-,-,-,-,-
2644,Total,-,-,-,-,-,-,-,-,-
2644,Non Strata,-,-,-,-,-,-,-,-,-
2645,Total,-,-,-,-,-,-,-,-,-
2645,Non Strata,-,-,-,-,-,-,-,-,-
2646,Total,283,400,467,388,34,-3.03%,2.56%,70.00%,3.03%
2646,Non Strata,290,425,491,404,s,2.41%,6.25%,62.50%,-16.13%
2646,Strata,-,-,-,-,-,-,-,-,-
2647,Total,538,700,863,726,s,16.20%,18.85%,0.00%,100.00%
2647,Non Strata,-,-,-,-,-,-,-,-,-
2647,Strata,-,-,-,-,-,-,-,-,-
2648,Total,182,235,320,277,s,-17.25%,-19.52%,-21.43%,22.22%
2648,Non Strata,182,235,320,277,s,-17.25%,-19.52%,-21.43%,22.22%
2650,Total,443,561,720,595,235,2.00%,10.00%,-11.32%,-18.40%
2650,Non Strata,476,600,736,618,215,7.87%,14.29%,-5.70%,-14.68%
2650,Strata,300,346,366,341,s,-14.57%,1.02%,-45.95%,-44.44%
2651,Total,-,-,-,-,-,-,-,-,-
2651,Non Strata,-,-,-,-,-,-,-,-,-
2652,Total,225,335,488,367,s,-16.39%,-2.90%,-40.91%,0.00%
2652,Non Strata,225,335,488,367,s,-16.39%,-2.90%,-40.91%,0.00%
2653,Total,-,-,-,-,-,-,-,-,-
2653,Non Strata,-,-,-,-,-,-,-,-,-
2655,Total,-,-,-,-,-,-,-,-,-
2655,Non Strata,-,-,-,-,-,-,-,-,-
2656,Total,-,-,-,-,-,-,-,-,-
2656,Non Strata,-,-,-,-,-,-,-,-,-
2658,Total,-,-,-,-,-,-,-,-,-
2658,Non Strata,-,-,-,-,-,-,-,-,-
2659,Total,-,-,-,-,-,-,-,-,-
2659,Non Strata,-,-,-,-,-,-,-,-,-
2660,Total,-,-,-,-,-,-,-,-,-
2660,Non Strata,-,-,-,-,-,-,-,-,-
2663,Total,313,395,495,434,s,0.64%,-0.63%,-25.00%,0.00%
2663,Non Strata,313,395,495,434,s,0.64%,-0.63%,-25.00%,0.00%
2665,Total,-,-,-,-,-,-,-,-,-
2665,Non Strata,-,-,-,-,-,-,-,-,-
2666,Total,330,376,505,425,s,-12.16%,-6.13%,20.00%,60.00%
2666,Non Strata,330,376,505,425,s,-12.16%,-6.13%,20.00%,60.00%
2669,Total,49,133,166,121,s,1.92%,120.83%,140.00%,300.00%
2669,Non Strata,49,133,166,121,s,1.92%,120.83%,140.00%,300.00%
2671,Total,253,330,388,326,s,-10.81%,33.33%,50.00%,7.14%
2671,Non Strata,253,330,388,326,s,-10.81%,33.33%,50.00%,7.14%
2672,Total,-,-,-,-,-,-,-,-,-
2672,Non Strata,-,-,-,-,-,-,-,-,-
2680,Total,443,536,676,564,80,3.08%,4.08%,0.00%,31.15%
2680,Non Strata,452,551,680,580,74,1.06%,5.91%,2.78%,27.59%
2680,Strata,-,-,-,-,-,-,-,-,-
2681,Total,-,-,-,-,-,-,-,-,-
2681,Non Strata,-,-,-,-,-,-,-,-,-
2700,Total,235,330,500,416,s,-7.04%,18.92%,-13.79%,-30.56%
2700,Non Strata,198,270,355,279,s,-23.94%,-2.70%,-34.48%,-47.22%
2700,Strata,-,-,-,-,-,-,-,-,-
2701,Total,418,450,618,513,s,-3.23%,7.46%,87.50%,87.50%
2701,Non Strata,418,450,618,513,s,-3.23%,7.46%,87.50%,87.50%
2702,Total,-,-,-,-,-,-,-,-,-
2702,Non Strata,-,-,-,-,-,-,-,-,-
2705,Total,330,400,500,435,33,3.90%,3.90%,0.00%,-15.38%
2705,Non Strata,335,421,513,443,31,7.95%,7.26%,3.33%,-13.89%
2705,Strata,-,-,-,-,-,-,-,-,-
2706,Total,-,-,-,-,-,-,-,-,-
2706,Non Strata,-,-,-,-,-,-,-,-,-
2707,Total,-,-,-,-,-,-,-,-,-
2707,Non Strata,-,-,-,-,-,-,-,-,-
2710,Total,273,330,395,339,43,-5.71%,-5.71%,-15.69%,-27.12%
2710,Non Strata,275,340,400,343,41,-5.56%,-2.16%,-16.33%,-18.00%
2710,Strata,-,-,-,-,-,-,-,-,-
2711,Total,-,-,-,-,-,-,-,-,-
2711,Non Strata,-,-,-,-,-,-,-,-,-
2713,Total,305,337,353,321,s,12.54%,3.54%,-36.84%,9.09%
2713,Non Strata,305,337,353,321,s,12.54%,3.54%,-36.84%,9.09%
2714,Total,430,519,733,579,s,-10.60%,-0.29%,71.43%,71.43%
2714,Non Strata,446,557,765,605,s,-3.97%,7.12%,57.14%,57.14%
2714,Strata,-,-,-,-,-,-,-,-,-
2716,Total,-,-,-,-,-,-,-,-,-
2716,Non Strata,-,-,-,-,-,-,-,-,-
2717,Total,-,-,-,-,-,-,-,-,-
2717,Non Strata,-,-,-,-,-,-,-,-,-
2720,Total,380,464,559,486,s,-0.22%,5.45%,0.00%,-19.35%
2720,Non Strata,384,479,563,492,s,3.01%,5.27%,-4.00%,-20.00%
2720,Strata,-,-,-,-,-,-,-,-,-
2722,Total,355,435,455,402,s,3.57%,17.09%,22.22%,10.00%
2722,Non Strata,355,435,455,402,s,3.57%,17.09%,22.22%,10.00%
2729,Total,-,-,-,-,-,-,-,-,-
2729,Non Strata,-,-,-,-,-,-,-,-,-
2730,Total,-,-,-,-,-,-,-,-,-
2730,Non Strata,-,-,-,-,-,-,-,-,-
2731,Total,320,540,590,503,s,-6.90%,-2.26%,-44.12%,-54.76%
2731,Non Strata,540,578,639,616,s,-19.79%,-2.94%,-52.00%,-64.71%
2731,Strata,-,-,-,-,-,-,-,-,-
2732,Total,390,465,590,478,s,12.05%,-22.18%,150.00%,150.00%
2732,Non Strata,430,498,640,536,s,19.88%,-16.74%,100.00%,100.00%
2732,Strata,-,-,-,-,-,-,-,-,-
2738,Total,-,-,-,-,-,-,-,-,-
2738,Non Strata,-,-,-,-,-,-,-,-,-
2739,Total,-,-,-,-,-,-,-,-,-
2739,Non Strata,-,-,-,-,-,-,-,-,-
2745,Total,915,1058,1346,1191,90,4.81%,2.92%,18.42%,-16.67%
2745,Non Strata,943,1068,1376,1213,86,2.64%,-2.95%,28.36%,-10.42%
2745,Strata,-,-,-,-,-,-,-,-,-
2747,Total,658,830,930,814,223,-0.54%,3.75%,22.53%,25.99%
2747,Non Strata,825,883,984,935,154,-0.31%,3.64%,16.67%,22.22%
2747,Strata,460,585,647,545,69,7.34%,2.09%,38.00%,35.29%
2748,Total,-,-,-,-,-,-,-,-,-
2748,Non Strata,-,-,-,-,-,-,-,-,-
2749,Total,817,881,968,899,51,3.65%,5.26%,6.25%,-10.53%
2749,Non Strata,833,900,973,923,47,4.05%,7.02%,14.63%,-12.96%
2749,Strata,-,-,-,-,-,-,-,-,-
2750,Total,531,748,921,749,244,10.17%,3.82%,17.31%,3.83%
2750,Non Strata,836,905,1031,947,127,1.69%,3.43%,22.12%,20.95%
2750,Strata,440,525,640,534,117,-4.55%,-2.96%,12.50%,-10.00%
2752,Total,801,1017,1159,1040,s,-6.90%,-9.80%,5.00%,-25.00%
2752,Non Strata,801,1017,1159,1040,s,-6.90%,-9.80%,5.00%,-25.00%
2753,Total,754,855,1355,1105,63,2.70%,-5.39%,31.25%,16.67%
2753,Non Strata,800,950,1800,1245,49,1.60%,-14.80%,36.11%,8.89%
2753,Strata,521,630,738,616,s,8.43%,8.62%,16.67%,55.56%
2754,Total,740,800,1140,973,s,-1.84%,-10.61%,12.50%,22.73%
2754,Non Strata,856,1078,1511,1167,s,15.24%,11.95%,-15.79%,-11.11%
2754,Strata,646,715,755,690,s,1.42%,13.49%,120.00%,175.00%
2756,Total,760,888,1100,1003,110,-2.47%,-3.27%,-0.90%,-3.51%
2756,Non Strata,796,929,1120,1050,98,-2.24%,-4.74%,-3.92%,-8.41%
2756,Strata,545,610,695,618,s,-6.15%,-11.59%,33.33%,71.43%
2758,Total,954,1408,1728,1410,34,10.39%,-17.21%,17.24%,36.00%
2758,Non Strata,954,1408,1728,1410,34,10.39%,-17.21%,17.24%,36.00%
2759,Total,893,940,1000,958,55,0.00%,6.33%,3.77%,-16.67%
2759,Non Strata,896,943,1000,962,54,-1.21%,6.26%,17.39%,-10.00%
2759,Strata,-,-,-,-,-,-,-,-,-
2760,Total,636,735,859,729,170,0.47%,2.80%,-1.73%,22.30%
2760,Non Strata,795,855,882,856,93,3.01%,7.55%,3.33%,9.41%
2760,Strata,465,620,672,575,77,-8.82%,-0.80%,-7.23%,42.59%
2761,Total,801,869,962,903,71,-0.74%,2.78%,-1.39%,-5.33%
2761,Non Strata,811,875,968,912,66,-0.80%,2.94%,-4.35%,-9.59%
2761,Strata,-,-,-,-,-,-,-,-,-
2762,Total,610,980,1255,974,125,-3.92%,32.25%,-29.38%,0.00%
2762,Non Strata,1193,1255,1400,1280,63,-1.18%,10.09%,-32.26%,31.25%
2762,Strata,550,610,746,663,62,-3.94%,1.67%,-26.19%,-19.48%
2763,Total,880,1100,1313,1092,111,6.80%,18.28%,-6.72%,19.35%
2763,Non Strata,1063,1155,1346,1194,83,4.24%,14.93%,1.22%,20.29%
2763,Strata,754,791,848,791,s,-8.53%,0.80%,-24.32%,16.67%
2765,Total,850,1045,1270,1093,277,-4.13%,-9.21%,2.21%,73.12%
2765,Non Strata,975,1140,1310,1149,226,1.82%,-5.00%,-4.64%,53.74%
2765,Strata,820,840,867,846,51,-3.45%,-4.55%,50.00%,292.31%
2766,Total,775,838,903,856,60,6.01%,14.73%,81.82%,87.50%
2766,Non Strata,839,880,959,929,40,-1.68%,11.39%,122.22%,110.53%
2766,Strata,674,745,781,711,s,4.20%,17.32%,33.33%,53.85%
2767,Total,850,937,1120,983,54,-10.81%,8.90%,14.89%,38.46%
2767,Non Strata,858,939,1125,992,52,-10.78%,7.62%,23.81%,44.44%
2767,Strata,-,-,-,-,-,-,-,-,-
2768,Total,1304,1533,1696,1465,80,3.55%,20.20%,6.67%,9.59%
2768,Non Strata,1364,1548,1702,1520,74,3.24%,17.90%,4.23%,12.12%
2768,Strata,-,-,-,-,-,-,-,-,-
2769,Total,1376,1581,1768,1568,55,10.56%,9.03%,-39.56%,1.85%
2769,Non Strata,1380,1586,1769,1582,54,10.87%,9.34%,-39.33%,0.00%
2769,Strata,-,-,-,-,-,-,-,-,-
2770,Total,581,680,781,672,208,4.62%,6.25%,19.54%,51.82%
2770,Non Strata,677,735,843,776,136,6.52%,7.30%,10.57%,38.78%
2770,Strata,365,433,590,476,72,0.58%,-12.63%,41.18%,84.62%
2773,Total,1078,1286,1701,1362,s,-10.10%,2.85%,45.45%,-30.43%
2773,Non Strata,1078,1286,1701,1362,s,-10.10%,2.85%,45.45%,-30.43%
2774,Total,845,902,1125,974,39,-7.72%,-0.33%,39.29%,11.43%
2774,Non Strata,845,902,1125,974,39,-9.80%,-2.49%,44.44%,18.18%
2775,Total,424,598,728,623,s,-27.13%,57.24%,45.45%,128.57%
2775,Non Strata,424,598,728,623,s,-27.13%,57.24%,45.45%,128.57%
2776,Total,955,1100,1240,1109,s,40.13%,-7.56%,-26.67%,57.14%
2776,Non Strata,955,1100,1240,1109,s,40.13%,-7.56%,-26.67%,57.14%
2777,Total,805,900,1063,959,75,5.26%,5.88%,10.29%,5.63%
2777,Non Strata,814,903,1070,968,72,4.94%,2.56%,7.46%,10.77%
2777,Strata,-,-,-,-,-,-,-,-,-
2778,Total,-,-,-,-,-,-,-,-,-
2778,Non Strata,-,-,-,-,-,-,-,-,-
2779,Total,780,830,933,838,s,-1.43%,-4.41%,15.38%,-16.67%
2779,Non Strata,780,830,933,838,s,-1.43%,-4.41%,15.38%,-16.67%
2780,Total,738,846,958,904,66,8.49%,-4.92%,-12.00%,1.54%
2780,Non Strata,746,846,960,916,62,6.61%,-8.02%,-6.06%,1.64%
2780,Strata,-,-,-,-,-,-,-,-,-
2782,Total,809,988,1218,1059,s,10.80%,-14.87%,20.00%,-11.11%
2782,Non Strata,809,988,1218,1059,s,10.80%,-15.42%,20.00%,-7.69%
2783,Total,736,843,871,803,s,17.42%,-2.03%,100.00%,33.33%
2783,Non Strata,736,843,871,803,s,17.42%,-2.03%,100.00%,33.33%
2784,Total,-,-,-,-,-,-,-,-,-
2784,Non Strata,-,-,-,-,-,-,-,-,-
2785,Total,726,765,860,836,s,-3.77%,-11.30%,-37.93%,-50.00%
2785,Non Strata,726,765,860,836,s,-3.77%,-11.30%,-37.93%,-50.00%
2786,Total,650,740,780,747,s,2.78%,3.14%,-13.33%,116.67%
2786,Non Strata,650,740,780,747,s,2.78%,3.14%,-13.33%,116.67%
2787,Total,375,445,535,476,s,-11.00%,-5.32%,-29.41%,-25.00%
2787,Non Strata,375,445,535,476,s,-11.00%,-5.32%,-29.41%,-25.00%
2790,Total,410,485,564,528,68,-3.00%,-3.96%,-5.56%,0.00%
2790,Non Strata,413,485,568,530,67,-3.00%,-2.51%,-6.94%,1.52%
2790,Strata,-,-,-,-,-,-,-,-,-
2794,Total,320,399,518,438,48,-16.98%,-2.80%,9.09%,14.29%
2794,Non Strata,323,400,520,443,47,-16.67%,-2.44%,6.82%,11.90%
2794,Strata,-,-,-,-,-,-,-,-,-
2795,Total,504,648,781,658,192,3.19%,-0.38%,6.67%,0.52%
2795,Non Strata,541,664,798,681,174,2.08%,-0.97%,7.41%,4.82%
2795,Strata,416,443,475,439,s,26.61%,4.86%,0.00%,-28.00%
2798,Total,-,-,-,-,-,-,-,-,-
2798,Non Strata,-,-,-,-,-,-,-,-,-
2799,Total,-,-,-,-,-,-,-,-,-
2799,Non Strata,-,-,-,-,-,-,-,-,-
2800,Total,569,678,825,749,176,-0.37%,-0.37%,0.57%,4.14%
2800,Non Strata,600,714,832,776,161,2.00%,0.28%,0.63%,6.62%
2800,Strata,404,446,542,454,s,-10.80%,2.53%,0.00%,-16.67%
2804,Total,-,-,-,-,-,-,-,-,-
2804,Non Strata,-,-,-,-,-,-,-,-,-
2806,Total,-,-,-,-,-,-,-,-,-
2806,Non Strata,-,-,-,-,-,-,-,-,-
2807,Total,-,-,-,-,-,-,-,-,-
2807,Non Strata,-,-,-,-,-,-,-,-,-
2810,Total,-,-,-,-,-,-,-,-,-
2810,Non Strata,-,-,-,-,-,-,-,-,-
2820,Total,236,350,416,344,s,26.81%,11.11%,15.38%,-14.29%
2820,Non Strata,236,350,416,344,s,26.81%,11.11%,15.38%,-14.29%
2821,Total,279,398,430,366,s,3.92%,21.10%,-17.65%,-22.22%
2821,Non Strata,279,398,430,366,s,3.92%,21.10%,-17.65%,-22.22%
2823,Total,-,-,-,-,-,-,-,-,-
2823,Non Strata,-,-,-,-,-,-,-,-,-
2824,Total,-,-,-,-,-,-,-,-,-
2824,Non Strata,-,-,-,-,-,-,-,-,-
2825,Total,-,-,-,-,-,-,-,-,-
2825,Non Strata,-,-,-,-,-,-,-,-,-
2827,Total,211,250,311,291,s,-13.79%,35.14%,0.00%,-12.50%
2827,Non Strata,211,250,311,291,s,-13.79%,35.14%,0.00%,-12.50%
2829,Total,-,-,-,-,-,-,-,-,-
2829,Non Strata,-,-,-,-,-,-,-,-,-
2830,Total,440,521,660,565,159,0.19%,5.79%,6.71%,-13.59%
2830,Non Strata,450,540,666,573,153,1.65%,8.00%,12.50%,-12.07%
2830,Strata,-,-,-,-,-,-,-,-,-
2831,Total,-,-,-,-,-,-,-,-,-
2831,Non Strata,-,-,-,-,-,-,-,-,-
2832,Total,-,-,-,-,-,-,-,-,-
2832,Non Strata,-,-,-,-,-,-,-,-,-
2833,Total,-,-,-,-,-,-,-,-,-
2833,Non Strata,-,-,-,-,-,-,-,-,-
2834,Total,-,-,-,-,-,-,-,-,-
2834,Non Strata,-,-,-,-,-,-,-,-,-
2835,Total,166,180,219,192,s,-6.01%,-5.26%,43.75%,35.29%
2835,Non Strata,166,180,219,192,s,-6.01%,-5.26%,43.75%,35.29%
2836,Total,-,-,-,-,-,-,-,-,-
2836,Non Strata,-,-,-,-,-,-,-,-,-
2839,Total,-,-,-,-,-,-,-,-,-
2839,Non Strata,-,-,-,-,-,-,-,-,-
2840,Total,-,-,-,-,-,-,-,-,-
2840,Non Strata,-,-,-,-,-,-,-,-,-
2844,Total,-,-,-,-,-,-,-,-,-
2844,Non Strata,-,-,-,-,-,-,-,-,-
2845,Total,-,-,-,-,-,-,-,-,-
2845,Non Strata,-,-,-,-,-,-,-,-,-
2847,Total,-,-,-,-,-,-,-,-,-
2847,Non Strata,-,-,-,-,-,-,-,-,-
2848,Total,305,335,350,317,s,57.65%,-17.28%,83.33%,57.14%
2848,Non Strata,305,335,350,317,s,57.65%,-17.28%,83.33%,57.14%
2849,Total,-,-,-,-,-,-,-,-,-
2849,Non Strata,-,-,-,-,-,-,-,-,-
2850,Total,584,680,835,722,77,3.03%,-4.36%,6.94%,-14.44%
2850,Non Strata,596,693,840,743,70,1.39%,-2.60%,12.90%,-22.22%
2850,Strata,-,-,-,-,-,-,-,-,-
2852,Total,547,689,742,682,s,10.24%,-2.27%,9.09%,-33.33%
2852,Non Strata,547,689,742,682,s,10.24%,-2.27%,9.09%,-33.33%
2865,Total,-,-,-,-,-,-,-,-,-
2865,Non Strata,-,-,-,-,-,-,-,-,-
2866,Total,-,-,-,-,-,-,-,-,-
2866,Non Strata,-,-,-,-,-,-,-,-,-
2869,Total,-,-,-,-,-,-,-,-,-
2869,Non Strata,-,-,-,-,-,-,-,-,-
2870,Total,351,440,630,515,52,9.90%,14.18%,23.81%,1.96%
2870,Non Strata,351,440,630,515,52,9.90%,14.18%,23.81%,1.96%
2871,Total,327,420,565,449,35,13.51%,0.00%,6.06%,-5.41%
2871,Non Strata,327,420,565,449,35,13.51%,0.00%,6.06%,-5.41%
2873,Total,-,-,-,-,-,-,-,-,-
2873,Non Strata,-,-,-,-,-,-,-,-,-
2877,Total,165,272,305,237,s,35.75%,50.83%,87.50%,-40.00%
2877,Non Strata,165,272,305,237,s,35.75%,50.83%,87.50%,-40.00%
2879,Total,-,-,-,-,-,-,-,-,-
2879,Non Strata,-,-,-,-,-,-,-,-,-
2880,Total,134,185,270,207,107,-7.50%,8.82%,-1.83%,-19.55%
2880,Non Strata,134,185,270,207,107,-7.50%,12.12%,-1.83%,-17.05%